#,,,,,"generated_by='OpenQuake engine 3.18.0', start_date='2025-04-21T21:20:51', checksum=3157382948, investigation_time=1.0, mag_bin_edges=[8.0, 8.200000000000001, 8.4, 8.6, 8.8, 9.0, 9.200000000000001, 9.4], dist_bin_edges=[0.0, 5.0, 10.0, 15.0, 20.0, 25.0, 30.0, 35.0, 40.0, 45.0, 50.0, 55.0, 60.0, 65.0, 70.0, 75.0, 80.0, 85.0, 90.0, 95.0, 100.0, 105.0, 110.0, 115.0, 120.0, 125.0, 130.0, 135.0, 140.0, 145.0, 150.0, 155.0, 160.0, 165.0, 170.0, 175.0, 180.0, 185.0, 190.0, 195.0, 200.0, 205.0, 210.0, 215.0, 220.0, 225.0, 230.0, 235.0, 240.0, 245.0, 250.0, 255.0, 260.0, 265.0, 270.0, 275.0, 280.0, 285.0, 290.0, 295.0, 300.0, 305.0, 310.0, 315.0, 320.0, 325.0, 330.0, 335.0, 340.0, 345.0, 350.0, 355.0, 360.0, 365.0, 370.0, 375.0, 380.0, 385.0, 390.0, 395.0, 400.0, 405.0, 410.0, 415.0, 420.0, 425.0, 430.0, 435.0, 440.0, 445.0, 450.0, 455.0, 460.0, 465.0, 470.0, 475.0, 480.0, 485.0, 490.0, 495.0, 500.0, 505.0, 510.0, 515.0, 520.0, 525.0, 530.0, 535.0, 540.0, 545.0, 550.0, 555.0, 560.0, 565.0, 570.0, 575.0, 580.0, 585.0, 590.0, 595.0, 600.0, 605.0, 610.0, 615.0, 620.0, 625.0, 630.0, 635.0, 640.0, 645.0, 650.0, 655.0, 660.0, 665.0, 670.0, 675.0, 680.0, 685.0, 690.0, 695.0, 700.0, 705.0, 710.0, 715.0, 720.0, 725.0, 730.0, 735.0, 740.0, 745.0, 750.0, 755.0, 760.0, 765.0, 770.0, 775.0, 780.0, 785.0, 790.0, 795.0, 800.0, 805.0, 810.0, 815.0, 820.0, 825.0, 830.0, 835.0, 840.0, 845.0, 850.0, 855.0, 860.0, 865.0, 870.0, 875.0, 880.0, 885.0, 890.0, 895.0, 900.0, 905.0, 910.0, 915.0, 920.0, 925.0, 930.0, 935.0, 940.0, 945.0, 950.0, 955.0, 960.0, 965.0, 970.0, 975.0, 980.0, 985.0, 990.0, 995.0, 1000.0], lon_bin_edges=[-135.67502351614317, -131.22968234409544, -126.78434117204772, -122.339, -117.89365882795228, -113.44831765590456, -109.00297648385684], lat_bin_edges=[38.602799999999995, 41.60053333333333, 44.59826666666666, 47.596, 50.593733333333326, 53.59146666666666, 56.58919999999999], eps_bin_edges=[-5.0, -1.6666666666666665, 1.666666666666667, 5.0], tectonic_region_types=['Subduction Interface'], lon=-122.339, lat=47.596, weights=[0.3333, 0.3334, 0.3333], rlz_ids=[1, 0, 2]"
imt,iml,poe,mag,dist,mean
AvgSA,4.87500E-01,8.40806E-05,8.10000E+00,2.50000E+00,0.00000E+00
AvgSA,4.87500E-01,8.40806E-05,8.10000E+00,7.50000E+00,0.00000E+00
AvgSA,4.87500E-01,8.40806E-05,8.10000E+00,1.25000E+01,0.00000E+00
AvgSA,4.87500E-01,8.40806E-05,8.10000E+00,1.75000E+01,0.00000E+00
AvgSA,4.87500E-01,8.40806E-05,8.10000E+00,2.25000E+01,0.00000E+00
AvgSA,4.87500E-01,8.40806E-05,8.10000E+00,2.75000E+01,0.00000E+00
AvgSA,4.87500E-01,8.40806E-05,8.10000E+00,3.25000E+01,0.00000E+00
AvgSA,4.87500E-01,8.40806E-05,8.10000E+00,3.75000E+01,0.00000E+00
AvgSA,4.87500E-01,8.40806E-05,8.10000E+00,4.25000E+01,0.00000E+00
AvgSA,4.87500E-01,8.40806E-05,8.10000E+00,4.75000E+01,0.00000E+00
AvgSA,4.87500E-01,8.40806E-05,8.10000E+00,5.25000E+01,0.00000E+00
AvgSA,4.87500E-01,8.40806E-05,8.10000E+00,5.75000E+01,0.00000E+00
AvgSA,4.87500E-01,8.40806E-05,8.10000E+00,6.25000E+01,0.00000E+00
AvgSA,4.87500E-01,8.40806E-05,8.10000E+00,6.75000E+01,0.00000E+00
AvgSA,4.87500E-01,8.40806E-05,8.10000E+00,7.25000E+01,0.00000E+00
AvgSA,4.87500E-01,8.40806E-05,8.10000E+00,7.75000E+01,0.00000E+00
AvgSA,4.87500E-01,8.40806E-05,8.10000E+00,8.25000E+01,0.00000E+00
AvgSA,4.87500E-01,8.40806E-05,8.10000E+00,8.75000E+01,1.53531E-08
AvgSA,4.87500E-01,8.40806E-05,8.10000E+00,9.25000E+01,1.00935E-09
AvgSA,4.87500E-01,8.40806E-05,8.10000E+00,9.75000E+01,7.25447E-09
AvgSA,4.87500E-01,8.40806E-05,8.10000E+00,1.02500E+02,9.47988E-10
AvgSA,4.87500E-01,8.40806E-05,8.10000E+00,1.07500E+02,7.17146E-10
AvgSA,4.87500E-01,8.40806E-05,8.10000E+00,1.12500E+02,4.64870E-09
AvgSA,4.87500E-01,8.40806E-05,8.10000E+00,1.17500E+02,6.98704E-10
AvgSA,4.87500E-01,8.40806E-05,8.10000E+00,1.22500E+02,1.47094E-08
AvgSA,4.87500E-01,8.40806E-05,8.10000E+00,1.27500E+02,1.21389E-09
AvgSA,4.87500E-01,8.40806E-05,8.10000E+00,1.32500E+02,1.88471E-09
AvgSA,4.87500E-01,8.40806E-05,8.10000E+00,1.37500E+02,4.67450E-09
AvgSA,4.87500E-01,8.40806E-05,8.10000E+00,1.42500E+02,8.95232E-10
AvgSA,4.87500E-01,8.40806E-05,8.10000E+00,1.47500E+02,1.36467E-09
AvgSA,4.87500E-01,8.40806E-05,8.10000E+00,1.52500E+02,2.97102E-09
AvgSA,4.87500E-01,8.40806E-05,8.10000E+00,1.57500E+02,9.43500E-10
AvgSA,4.87500E-01,8.40806E-05,8.10000E+00,1.62500E+02,5.15406E-10
AvgSA,4.87500E-01,8.40806E-05,8.10000E+00,1.67500E+02,2.20591E-09
AvgSA,4.87500E-01,8.40806E-05,8.10000E+00,1.72500E+02,3.52381E-10
AvgSA,4.87500E-01,8.40806E-05,8.10000E+00,1.77500E+02,3.39602E-10
AvgSA,4.87500E-01,8.40806E-05,8.10000E+00,1.82500E+02,7.68396E-10
AvgSA,4.87500E-01,8.40806E-05,8.10000E+00,1.87500E+02,1.60457E-10
AvgSA,4.87500E-01,8.40806E-05,8.10000E+00,1.92500E+02,2.02663E-10
AvgSA,4.87500E-01,8.40806E-05,8.10000E+00,1.97500E+02,2.18756E-10
AvgSA,4.87500E-01,8.40806E-05,8.10000E+00,2.02500E+02,1.05173E-10
AvgSA,4.87500E-01,8.40806E-05,8.10000E+00,2.07500E+02,2.40610E-10
AvgSA,4.87500E-01,8.40806E-05,8.10000E+00,2.12500E+02,5.66061E-11
AvgSA,4.87500E-01,8.40806E-05,8.10000E+00,2.17500E+02,1.47237E-10
AvgSA,4.87500E-01,8.40806E-05,8.10000E+00,2.22500E+02,1.37841E-10
AvgSA,4.87500E-01,8.40806E-05,8.10000E+00,2.27500E+02,3.85918E-11
AvgSA,4.87500E-01,8.40806E-05,8.10000E+00,2.32500E+02,7.75855E-11
AvgSA,4.87500E-01,8.40806E-05,8.10000E+00,2.37500E+02,3.66455E-11
AvgSA,4.87500E-01,8.40806E-05,8.10000E+00,2.42500E+02,4.77574E-11
AvgSA,4.87500E-01,8.40806E-05,8.10000E+00,2.47500E+02,2.65208E-11
AvgSA,4.87500E-01,8.40806E-05,8.10000E+00,2.52500E+02,3.58580E-11
AvgSA,4.87500E-01,8.40806E-05,8.10000E+00,2.57500E+02,7.30460E-12
AvgSA,4.87500E-01,8.40806E-05,8.10000E+00,2.62500E+02,3.18948E-11
AvgSA,4.87500E-01,8.40806E-05,8.10000E+00,2.67500E+02,1.30806E-11
AvgSA,4.87500E-01,8.40806E-05,8.10000E+00,2.72500E+02,1.11896E-11
AvgSA,4.87500E-01,8.40806E-05,8.10000E+00,2.77500E+02,1.48471E-11
AvgSA,4.87500E-01,8.40806E-05,8.10000E+00,2.82500E+02,4.51461E-12
AvgSA,4.87500E-01,8.40806E-05,8.10000E+00,2.87500E+02,9.32221E-12
AvgSA,4.87500E-01,8.40806E-05,8.10000E+00,2.92500E+02,2.85427E-12
AvgSA,4.87500E-01,8.40806E-05,8.10000E+00,2.97500E+02,7.61768E-12
AvgSA,4.87500E-01,8.40806E-05,8.10000E+00,3.02500E+02,3.53773E-12
AvgSA,4.87500E-01,8.40806E-05,8.10000E+00,3.07500E+02,3.31135E-12
AvgSA,4.87500E-01,8.40806E-05,8.10000E+00,3.12500E+02,1.88871E-12
AvgSA,4.87500E-01,8.40806E-05,8.10000E+00,3.17500E+02,2.66087E-12
AvgSA,4.87500E-01,8.40806E-05,8.10000E+00,3.22500E+02,1.65079E-12
AvgSA,4.87500E-01,8.40806E-05,8.10000E+00,3.27500E+02,1.24967E-12
AvgSA,4.87500E-01,8.40806E-05,8.10000E+00,3.32500E+02,2.13785E-12
AvgSA,4.87500E-01,8.40806E-05,8.10000E+00,3.37500E+02,7.27307E-13
AvgSA,4.87500E-01,8.40806E-05,8.10000E+00,3.42500E+02,8.45990E-13
AvgSA,4.87500E-01,8.40806E-05,8.10000E+00,3.47500E+02,1.17484E-12
AvgSA,4.87500E-01,8.40806E-05,8.10000E+00,3.52500E+02,0.00000E+00
AvgSA,4.87500E-01,8.40806E-05,8.10000E+00,3.57500E+02,4.02123E-13
AvgSA,4.87500E-01,8.40806E-05,8.10000E+00,3.62500E+02,0.00000E+00
AvgSA,4.87500E-01,8.40806E-05,8.10000E+00,3.67500E+02,0.00000E+00
AvgSA,4.87500E-01,8.40806E-05,8.10000E+00,3.72500E+02,0.00000E+00
AvgSA,4.87500E-01,8.40806E-05,8.10000E+00,3.77500E+02,0.00000E+00
AvgSA,4.87500E-01,8.40806E-05,8.10000E+00,3.82500E+02,0.00000E+00
AvgSA,4.87500E-01,8.40806E-05,8.10000E+00,3.87500E+02,0.00000E+00
AvgSA,4.87500E-01,8.40806E-05,8.10000E+00,3.92500E+02,0.00000E+00
AvgSA,4.87500E-01,8.40806E-05,8.10000E+00,3.97500E+02,0.00000E+00
AvgSA,4.87500E-01,8.40806E-05,8.10000E+00,4.02500E+02,0.00000E+00
AvgSA,4.87500E-01,8.40806E-05,8.10000E+00,4.07500E+02,0.00000E+00
AvgSA,4.87500E-01,8.40806E-05,8.10000E+00,4.12500E+02,0.00000E+00
AvgSA,4.87500E-01,8.40806E-05,8.10000E+00,4.17500E+02,0.00000E+00
AvgSA,4.87500E-01,8.40806E-05,8.10000E+00,4.22500E+02,0.00000E+00
AvgSA,4.87500E-01,8.40806E-05,8.10000E+00,4.27500E+02,0.00000E+00
AvgSA,4.87500E-01,8.40806E-05,8.10000E+00,4.32500E+02,0.00000E+00
AvgSA,4.87500E-01,8.40806E-05,8.10000E+00,4.37500E+02,0.00000E+00
AvgSA,4.87500E-01,8.40806E-05,8.10000E+00,4.42500E+02,0.00000E+00
AvgSA,4.87500E-01,8.40806E-05,8.10000E+00,4.47500E+02,0.00000E+00
AvgSA,4.87500E-01,8.40806E-05,8.10000E+00,4.52500E+02,0.00000E+00
AvgSA,4.87500E-01,8.40806E-05,8.10000E+00,4.57500E+02,0.00000E+00
AvgSA,4.87500E-01,8.40806E-05,8.10000E+00,4.62500E+02,0.00000E+00
AvgSA,4.87500E-01,8.40806E-05,8.10000E+00,4.67500E+02,0.00000E+00
AvgSA,4.87500E-01,8.40806E-05,8.10000E+00,4.72500E+02,0.00000E+00
AvgSA,4.87500E-01,8.40806E-05,8.10000E+00,4.77500E+02,0.00000E+00
AvgSA,4.87500E-01,8.40806E-05,8.10000E+00,4.82500E+02,0.00000E+00
AvgSA,4.87500E-01,8.40806E-05,8.10000E+00,4.87500E+02,0.00000E+00
AvgSA,4.87500E-01,8.40806E-05,8.10000E+00,4.92500E+02,0.00000E+00
AvgSA,4.87500E-01,8.40806E-05,8.10000E+00,4.97500E+02,0.00000E+00
AvgSA,4.87500E-01,8.40806E-05,8.10000E+00,5.02500E+02,0.00000E+00
AvgSA,4.87500E-01,8.40806E-05,8.10000E+00,5.07500E+02,0.00000E+00
AvgSA,4.87500E-01,8.40806E-05,8.10000E+00,5.12500E+02,0.00000E+00
AvgSA,4.87500E-01,8.40806E-05,8.10000E+00,5.17500E+02,0.00000E+00
AvgSA,4.87500E-01,8.40806E-05,8.10000E+00,5.22500E+02,0.00000E+00
AvgSA,4.87500E-01,8.40806E-05,8.10000E+00,5.27500E+02,0.00000E+00
AvgSA,4.87500E-01,8.40806E-05,8.10000E+00,5.32500E+02,0.00000E+00
AvgSA,4.87500E-01,8.40806E-05,8.10000E+00,5.37500E+02,0.00000E+00
AvgSA,4.87500E-01,8.40806E-05,8.10000E+00,5.42500E+02,0.00000E+00
AvgSA,4.87500E-01,8.40806E-05,8.10000E+00,5.47500E+02,0.00000E+00
AvgSA,4.87500E-01,8.40806E-05,8.10000E+00,5.52500E+02,0.00000E+00
AvgSA,4.87500E-01,8.40806E-05,8.10000E+00,5.57500E+02,0.00000E+00
AvgSA,4.87500E-01,8.40806E-05,8.10000E+00,5.62500E+02,0.00000E+00
AvgSA,4.87500E-01,8.40806E-05,8.10000E+00,5.67500E+02,0.00000E+00
AvgSA,4.87500E-01,8.40806E-05,8.10000E+00,5.72500E+02,0.00000E+00
AvgSA,4.87500E-01,8.40806E-05,8.10000E+00,5.77500E+02,0.00000E+00
AvgSA,4.87500E-01,8.40806E-05,8.10000E+00,5.82500E+02,0.00000E+00
AvgSA,4.87500E-01,8.40806E-05,8.10000E+00,5.87500E+02,0.00000E+00
AvgSA,4.87500E-01,8.40806E-05,8.10000E+00,5.92500E+02,0.00000E+00
AvgSA,4.87500E-01,8.40806E-05,8.10000E+00,5.97500E+02,0.00000E+00
AvgSA,4.87500E-01,8.40806E-05,8.10000E+00,6.02500E+02,0.00000E+00
AvgSA,4.87500E-01,8.40806E-05,8.10000E+00,6.07500E+02,0.00000E+00
AvgSA,4.87500E-01,8.40806E-05,8.10000E+00,6.12500E+02,0.00000E+00
AvgSA,4.87500E-01,8.40806E-05,8.10000E+00,6.17500E+02,0.00000E+00
AvgSA,4.87500E-01,8.40806E-05,8.10000E+00,6.22500E+02,0.00000E+00
AvgSA,4.87500E-01,8.40806E-05,8.10000E+00,6.27500E+02,0.00000E+00
AvgSA,4.87500E-01,8.40806E-05,8.10000E+00,6.32500E+02,0.00000E+00
AvgSA,4.87500E-01,8.40806E-05,8.10000E+00,6.37500E+02,0.00000E+00
AvgSA,4.87500E-01,8.40806E-05,8.10000E+00,6.42500E+02,0.00000E+00
AvgSA,4.87500E-01,8.40806E-05,8.10000E+00,6.47500E+02,0.00000E+00
AvgSA,4.87500E-01,8.40806E-05,8.10000E+00,6.52500E+02,0.00000E+00
AvgSA,4.87500E-01,8.40806E-05,8.10000E+00,6.57500E+02,0.00000E+00
AvgSA,4.87500E-01,8.40806E-05,8.10000E+00,6.62500E+02,0.00000E+00
AvgSA,4.87500E-01,8.40806E-05,8.10000E+00,6.67500E+02,0.00000E+00
AvgSA,4.87500E-01,8.40806E-05,8.10000E+00,6.72500E+02,0.00000E+00
AvgSA,4.87500E-01,8.40806E-05,8.10000E+00,6.77500E+02,0.00000E+00
AvgSA,4.87500E-01,8.40806E-05,8.10000E+00,6.82500E+02,0.00000E+00
AvgSA,4.87500E-01,8.40806E-05,8.10000E+00,6.87500E+02,0.00000E+00
AvgSA,4.87500E-01,8.40806E-05,8.10000E+00,6.92500E+02,0.00000E+00
AvgSA,4.87500E-01,8.40806E-05,8.10000E+00,6.97500E+02,0.00000E+00
AvgSA,4.87500E-01,8.40806E-05,8.10000E+00,7.02500E+02,0.00000E+00
AvgSA,4.87500E-01,8.40806E-05,8.10000E+00,7.07500E+02,0.00000E+00
AvgSA,4.87500E-01,8.40806E-05,8.10000E+00,7.12500E+02,0.00000E+00
AvgSA,4.87500E-01,8.40806E-05,8.10000E+00,7.17500E+02,0.00000E+00
AvgSA,4.87500E-01,8.40806E-05,8.10000E+00,7.22500E+02,0.00000E+00
AvgSA,4.87500E-01,8.40806E-05,8.10000E+00,7.27500E+02,0.00000E+00
AvgSA,4.87500E-01,8.40806E-05,8.10000E+00,7.32500E+02,0.00000E+00
AvgSA,4.87500E-01,8.40806E-05,8.10000E+00,7.37500E+02,0.00000E+00
AvgSA,4.87500E-01,8.40806E-05,8.10000E+00,7.42500E+02,0.00000E+00
AvgSA,4.87500E-01,8.40806E-05,8.10000E+00,7.47500E+02,0.00000E+00
AvgSA,4.87500E-01,8.40806E-05,8.10000E+00,7.52500E+02,0.00000E+00
AvgSA,4.87500E-01,8.40806E-05,8.10000E+00,7.57500E+02,0.00000E+00
AvgSA,4.87500E-01,8.40806E-05,8.10000E+00,7.62500E+02,0.00000E+00
AvgSA,4.87500E-01,8.40806E-05,8.10000E+00,7.67500E+02,0.00000E+00
AvgSA,4.87500E-01,8.40806E-05,8.10000E+00,7.72500E+02,0.00000E+00
AvgSA,4.87500E-01,8.40806E-05,8.10000E+00,7.77500E+02,0.00000E+00
AvgSA,4.87500E-01,8.40806E-05,8.10000E+00,7.82500E+02,0.00000E+00
AvgSA,4.87500E-01,8.40806E-05,8.10000E+00,7.87500E+02,0.00000E+00
AvgSA,4.87500E-01,8.40806E-05,8.10000E+00,7.92500E+02,0.00000E+00
AvgSA,4.87500E-01,8.40806E-05,8.10000E+00,7.97500E+02,0.00000E+00
AvgSA,4.87500E-01,8.40806E-05,8.10000E+00,8.02500E+02,0.00000E+00
AvgSA,4.87500E-01,8.40806E-05,8.10000E+00,8.07500E+02,0.00000E+00
AvgSA,4.87500E-01,8.40806E-05,8.10000E+00,8.12500E+02,0.00000E+00
AvgSA,4.87500E-01,8.40806E-05,8.10000E+00,8.17500E+02,0.00000E+00
AvgSA,4.87500E-01,8.40806E-05,8.10000E+00,8.22500E+02,0.00000E+00
AvgSA,4.87500E-01,8.40806E-05,8.10000E+00,8.27500E+02,0.00000E+00
AvgSA,4.87500E-01,8.40806E-05,8.10000E+00,8.32500E+02,0.00000E+00
AvgSA,4.87500E-01,8.40806E-05,8.10000E+00,8.37500E+02,0.00000E+00
AvgSA,4.87500E-01,8.40806E-05,8.10000E+00,8.42500E+02,0.00000E+00
AvgSA,4.87500E-01,8.40806E-05,8.10000E+00,8.47500E+02,0.00000E+00
AvgSA,4.87500E-01,8.40806E-05,8.10000E+00,8.52500E+02,0.00000E+00
AvgSA,4.87500E-01,8.40806E-05,8.10000E+00,8.57500E+02,0.00000E+00
AvgSA,4.87500E-01,8.40806E-05,8.10000E+00,8.62500E+02,0.00000E+00
AvgSA,4.87500E-01,8.40806E-05,8.10000E+00,8.67500E+02,0.00000E+00
AvgSA,4.87500E-01,8.40806E-05,8.10000E+00,8.72500E+02,0.00000E+00
AvgSA,4.87500E-01,8.40806E-05,8.10000E+00,8.77500E+02,0.00000E+00
AvgSA,4.87500E-01,8.40806E-05,8.10000E+00,8.82500E+02,0.00000E+00
AvgSA,4.87500E-01,8.40806E-05,8.10000E+00,8.87500E+02,0.00000E+00
AvgSA,4.87500E-01,8.40806E-05,8.10000E+00,8.92500E+02,0.00000E+00
AvgSA,4.87500E-01,8.40806E-05,8.10000E+00,8.97500E+02,0.00000E+00
AvgSA,4.87500E-01,8.40806E-05,8.10000E+00,9.02500E+02,0.00000E+00
AvgSA,4.87500E-01,8.40806E-05,8.10000E+00,9.07500E+02,0.00000E+00
AvgSA,4.87500E-01,8.40806E-05,8.10000E+00,9.12500E+02,0.00000E+00
AvgSA,4.87500E-01,8.40806E-05,8.10000E+00,9.17500E+02,0.00000E+00
AvgSA,4.87500E-01,8.40806E-05,8.10000E+00,9.22500E+02,0.00000E+00
AvgSA,4.87500E-01,8.40806E-05,8.10000E+00,9.27500E+02,0.00000E+00
AvgSA,4.87500E-01,8.40806E-05,8.10000E+00,9.32500E+02,0.00000E+00
AvgSA,4.87500E-01,8.40806E-05,8.10000E+00,9.37500E+02,0.00000E+00
AvgSA,4.87500E-01,8.40806E-05,8.10000E+00,9.42500E+02,0.00000E+00
AvgSA,4.87500E-01,8.40806E-05,8.10000E+00,9.47500E+02,0.00000E+00
AvgSA,4.87500E-01,8.40806E-05,8.10000E+00,9.52500E+02,0.00000E+00
AvgSA,4.87500E-01,8.40806E-05,8.10000E+00,9.57500E+02,0.00000E+00
AvgSA,4.87500E-01,8.40806E-05,8.10000E+00,9.62500E+02,0.00000E+00
AvgSA,4.87500E-01,8.40806E-05,8.10000E+00,9.67500E+02,0.00000E+00
AvgSA,4.87500E-01,8.40806E-05,8.10000E+00,9.72500E+02,0.00000E+00
AvgSA,4.87500E-01,8.40806E-05,8.10000E+00,9.77500E+02,0.00000E+00
AvgSA,4.87500E-01,8.40806E-05,8.10000E+00,9.82500E+02,0.00000E+00
AvgSA,4.87500E-01,8.40806E-05,8.10000E+00,9.87500E+02,0.00000E+00
AvgSA,4.87500E-01,8.40806E-05,8.10000E+00,9.92500E+02,0.00000E+00
AvgSA,4.87500E-01,8.40806E-05,8.10000E+00,9.97500E+02,0.00000E+00
AvgSA,4.87500E-01,8.40806E-05,8.30000E+00,2.50000E+00,0.00000E+00
AvgSA,4.87500E-01,8.40806E-05,8.30000E+00,7.50000E+00,0.00000E+00
AvgSA,4.87500E-01,8.40806E-05,8.30000E+00,1.25000E+01,0.00000E+00
AvgSA,4.87500E-01,8.40806E-05,8.30000E+00,1.75000E+01,0.00000E+00
AvgSA,4.87500E-01,8.40806E-05,8.30000E+00,2.25000E+01,0.00000E+00
AvgSA,4.87500E-01,8.40806E-05,8.30000E+00,2.75000E+01,0.00000E+00
AvgSA,4.87500E-01,8.40806E-05,8.30000E+00,3.25000E+01,0.00000E+00
AvgSA,4.87500E-01,8.40806E-05,8.30000E+00,3.75000E+01,0.00000E+00
AvgSA,4.87500E-01,8.40806E-05,8.30000E+00,4.25000E+01,0.00000E+00
AvgSA,4.87500E-01,8.40806E-05,8.30000E+00,4.75000E+01,0.00000E+00
AvgSA,4.87500E-01,8.40806E-05,8.30000E+00,5.25000E+01,0.00000E+00
AvgSA,4.87500E-01,8.40806E-05,8.30000E+00,5.75000E+01,0.00000E+00
AvgSA,4.87500E-01,8.40806E-05,8.30000E+00,6.25000E+01,0.00000E+00
AvgSA,4.87500E-01,8.40806E-05,8.30000E+00,6.75000E+01,0.00000E+00
AvgSA,4.87500E-01,8.40806E-05,8.30000E+00,7.25000E+01,0.00000E+00
AvgSA,4.87500E-01,8.40806E-05,8.30000E+00,7.75000E+01,0.00000E+00
AvgSA,4.87500E-01,8.40806E-05,8.30000E+00,8.25000E+01,0.00000E+00
AvgSA,4.87500E-01,8.40806E-05,8.30000E+00,8.75000E+01,3.39188E-08
AvgSA,4.87500E-01,8.40806E-05,8.30000E+00,9.25000E+01,1.71732E-09
AvgSA,4.87500E-01,8.40806E-05,8.30000E+00,9.75000E+01,1.75060E-08
AvgSA,4.87500E-01,8.40806E-05,8.30000E+00,1.02500E+02,1.90373E-09
AvgSA,4.87500E-01,8.40806E-05,8.30000E+00,1.07500E+02,1.26836E-09
AvgSA,4.87500E-01,8.40806E-05,8.30000E+00,1.12500E+02,1.08762E-08
AvgSA,4.87500E-01,8.40806E-05,8.30000E+00,1.17500E+02,1.71237E-09
AvgSA,4.87500E-01,8.40806E-05,8.30000E+00,1.22500E+02,3.29916E-08
AvgSA,4.87500E-01,8.40806E-05,8.30000E+00,1.27500E+02,3.90717E-09
AvgSA,4.87500E-01,8.40806E-05,8.30000E+00,1.32500E+02,4.35850E-09
AvgSA,4.87500E-01,8.40806E-05,8.30000E+00,1.37500E+02,1.30678E-08
AvgSA,4.87500E-01,8.40806E-05,8.30000E+00,1.42500E+02,1.74733E-09
AvgSA,4.87500E-01,8.40806E-05,8.30000E+00,1.47500E+02,2.42424E-09
AvgSA,4.87500E-01,8.40806E-05,8.30000E+00,1.52500E+02,3.13257E-08
AvgSA,4.87500E-01,8.40806E-05,8.30000E+00,1.57500E+02,1.56770E-09
AvgSA,4.87500E-01,8.40806E-05,8.30000E+00,1.62500E+02,5.71462E-10
AvgSA,4.87500E-01,8.40806E-05,8.30000E+00,1.67500E+02,4.80959E-10
AvgSA,4.87500E-01,8.40806E-05,8.30000E+00,1.72500E+02,4.20409E-10
AvgSA,4.87500E-01,8.40806E-05,8.30000E+00,1.77500E+02,6.42614E-10
AvgSA,4.87500E-01,8.40806E-05,8.30000E+00,1.82500E+02,5.10429E-10
AvgSA,4.87500E-01,8.40806E-05,8.30000E+00,1.87500E+02,3.10826E-10
AvgSA,4.87500E-01,8.40806E-05,8.30000E+00,1.92500E+02,3.16018E-10
AvgSA,4.87500E-01,8.40806E-05,8.30000E+00,1.97500E+02,5.68467E-10
AvgSA,4.87500E-01,8.40806E-05,8.30000E+00,2.02500E+02,1.19847E-10
AvgSA,4.87500E-01,8.40806E-05,8.30000E+00,2.07500E+02,6.50087E-10
AvgSA,4.87500E-01,8.40806E-05,8.30000E+00,2.12500E+02,5.77264E-11
AvgSA,4.87500E-01,8.40806E-05,8.30000E+00,2.17500E+02,1.31808E-09
AvgSA,4.87500E-01,8.40806E-05,8.30000E+00,2.22500E+02,3.65574E-10
AvgSA,4.87500E-01,8.40806E-05,8.30000E+00,2.27500E+02,8.19899E-11
AvgSA,4.87500E-01,8.40806E-05,8.30000E+00,2.32500E+02,3.35268E-10
AvgSA,4.87500E-01,8.40806E-05,8.30000E+00,2.37500E+02,1.45662E-10
AvgSA,4.87500E-01,8.40806E-05,8.30000E+00,2.42500E+02,1.63578E-10
AvgSA,4.87500E-01,8.40806E-05,8.30000E+00,2.47500E+02,6.18131E-11
AvgSA,4.87500E-01,8.40806E-05,8.30000E+00,2.52500E+02,1.54174E-10
AvgSA,4.87500E-01,8.40806E-05,8.30000E+00,2.57500E+02,1.08069E-11
AvgSA,4.87500E-01,8.40806E-05,8.30000E+00,2.62500E+02,8.71769E-11
AvgSA,4.87500E-01,8.40806E-05,8.30000E+00,2.67500E+02,5.63273E-11
AvgSA,4.87500E-01,8.40806E-05,8.30000E+00,2.72500E+02,3.08987E-11
AvgSA,4.87500E-01,8.40806E-05,8.30000E+00,2.77500E+02,4.00693E-11
AvgSA,4.87500E-01,8.40806E-05,8.30000E+00,2.82500E+02,1.01061E-11
AvgSA,4.87500E-01,8.40806E-05,8.30000E+00,2.87500E+02,2.31772E-11
AvgSA,4.87500E-01,8.40806E-05,8.30000E+00,2.92500E+02,6.61149E-12
AvgSA,4.87500E-01,8.40806E-05,8.30000E+00,2.97500E+02,2.81483E-11
AvgSA,4.87500E-01,8.40806E-05,8.30000E+00,3.02500E+02,8.37208E-12
AvgSA,4.87500E-01,8.40806E-05,8.30000E+00,3.07500E+02,8.52129E-12
AvgSA,4.87500E-01,8.40806E-05,8.30000E+00,3.12500E+02,6.78235E-12
AvgSA,4.87500E-01,8.40806E-05,8.30000E+00,3.17500E+02,6.68654E-12
AvgSA,4.87500E-01,8.40806E-05,8.30000E+00,3.22500E+02,5.43554E-12
AvgSA,4.87500E-01,8.40806E-05,8.30000E+00,3.27500E+02,3.83604E-12
AvgSA,4.87500E-01,8.40806E-05,8.30000E+00,3.32500E+02,1.40699E-10
AvgSA,4.87500E-01,8.40806E-05,8.30000E+00,3.37500E+02,2.86494E-11
AvgSA,4.87500E-01,8.40806E-05,8.30000E+00,3.42500E+02,3.02525E-12
AvgSA,4.87500E-01,8.40806E-05,8.30000E+00,3.47500E+02,1.52978E-12
AvgSA,4.87500E-01,8.40806E-05,8.30000E+00,3.52500E+02,0.00000E+00
AvgSA,4.87500E-01,8.40806E-05,8.30000E+00,3.57500E+02,1.59439E-12
AvgSA,4.87500E-01,8.40806E-05,8.30000E+00,3.62500E+02,0.00000E+00
AvgSA,4.87500E-01,8.40806E-05,8.30000E+00,3.67500E+02,8.68972E-13
AvgSA,4.87500E-01,8.40806E-05,8.30000E+00,3.72500E+02,0.00000E+00
AvgSA,4.87500E-01,8.40806E-05,8.30000E+00,3.77500E+02,7.64611E-13
AvgSA,4.87500E-01,8.40806E-05,8.30000E+00,3.82500E+02,4.09783E-13
AvgSA,4.87500E-01,8.40806E-05,8.30000E+00,3.87500E+02,0.00000E+00
AvgSA,4.87500E-01,8.40806E-05,8.30000E+00,3.92500E+02,0.00000E+00
AvgSA,4.87500E-01,8.40806E-05,8.30000E+00,3.97500E+02,0.00000E+00
AvgSA,4.87500E-01,8.40806E-05,8.30000E+00,4.02500E+02,0.00000E+00
AvgSA,4.87500E-01,8.40806E-05,8.30000E+00,4.07500E+02,0.00000E+00
AvgSA,4.87500E-01,8.40806E-05,8.30000E+00,4.12500E+02,0.00000E+00
AvgSA,4.87500E-01,8.40806E-05,8.30000E+00,4.17500E+02,0.00000E+00
AvgSA,4.87500E-01,8.40806E-05,8.30000E+00,4.22500E+02,0.00000E+00
AvgSA,4.87500E-01,8.40806E-05,8.30000E+00,4.27500E+02,0.00000E+00
AvgSA,4.87500E-01,8.40806E-05,8.30000E+00,4.32500E+02,0.00000E+00
AvgSA,4.87500E-01,8.40806E-05,8.30000E+00,4.37500E+02,0.00000E+00
AvgSA,4.87500E-01,8.40806E-05,8.30000E+00,4.42500E+02,0.00000E+00
AvgSA,4.87500E-01,8.40806E-05,8.30000E+00,4.47500E+02,0.00000E+00
AvgSA,4.87500E-01,8.40806E-05,8.30000E+00,4.52500E+02,0.00000E+00
AvgSA,4.87500E-01,8.40806E-05,8.30000E+00,4.57500E+02,0.00000E+00
AvgSA,4.87500E-01,8.40806E-05,8.30000E+00,4.62500E+02,0.00000E+00
AvgSA,4.87500E-01,8.40806E-05,8.30000E+00,4.67500E+02,0.00000E+00
AvgSA,4.87500E-01,8.40806E-05,8.30000E+00,4.72500E+02,0.00000E+00
AvgSA,4.87500E-01,8.40806E-05,8.30000E+00,4.77500E+02,0.00000E+00
AvgSA,4.87500E-01,8.40806E-05,8.30000E+00,4.82500E+02,0.00000E+00
AvgSA,4.87500E-01,8.40806E-05,8.30000E+00,4.87500E+02,0.00000E+00
AvgSA,4.87500E-01,8.40806E-05,8.30000E+00,4.92500E+02,0.00000E+00
AvgSA,4.87500E-01,8.40806E-05,8.30000E+00,4.97500E+02,0.00000E+00
AvgSA,4.87500E-01,8.40806E-05,8.30000E+00,5.02500E+02,0.00000E+00
AvgSA,4.87500E-01,8.40806E-05,8.30000E+00,5.07500E+02,0.00000E+00
AvgSA,4.87500E-01,8.40806E-05,8.30000E+00,5.12500E+02,0.00000E+00
AvgSA,4.87500E-01,8.40806E-05,8.30000E+00,5.17500E+02,0.00000E+00
AvgSA,4.87500E-01,8.40806E-05,8.30000E+00,5.22500E+02,0.00000E+00
AvgSA,4.87500E-01,8.40806E-05,8.30000E+00,5.27500E+02,0.00000E+00
AvgSA,4.87500E-01,8.40806E-05,8.30000E+00,5.32500E+02,0.00000E+00
AvgSA,4.87500E-01,8.40806E-05,8.30000E+00,5.37500E+02,0.00000E+00
AvgSA,4.87500E-01,8.40806E-05,8.30000E+00,5.42500E+02,0.00000E+00
AvgSA,4.87500E-01,8.40806E-05,8.30000E+00,5.47500E+02,0.00000E+00
AvgSA,4.87500E-01,8.40806E-05,8.30000E+00,5.52500E+02,0.00000E+00
AvgSA,4.87500E-01,8.40806E-05,8.30000E+00,5.57500E+02,0.00000E+00
AvgSA,4.87500E-01,8.40806E-05,8.30000E+00,5.62500E+02,0.00000E+00
AvgSA,4.87500E-01,8.40806E-05,8.30000E+00,5.67500E+02,0.00000E+00
AvgSA,4.87500E-01,8.40806E-05,8.30000E+00,5.72500E+02,0.00000E+00
AvgSA,4.87500E-01,8.40806E-05,8.30000E+00,5.77500E+02,0.00000E+00
AvgSA,4.87500E-01,8.40806E-05,8.30000E+00,5.82500E+02,0.00000E+00
AvgSA,4.87500E-01,8.40806E-05,8.30000E+00,5.87500E+02,0.00000E+00
AvgSA,4.87500E-01,8.40806E-05,8.30000E+00,5.92500E+02,0.00000E+00
AvgSA,4.87500E-01,8.40806E-05,8.30000E+00,5.97500E+02,0.00000E+00
AvgSA,4.87500E-01,8.40806E-05,8.30000E+00,6.02500E+02,0.00000E+00
AvgSA,4.87500E-01,8.40806E-05,8.30000E+00,6.07500E+02,0.00000E+00
AvgSA,4.87500E-01,8.40806E-05,8.30000E+00,6.12500E+02,0.00000E+00
AvgSA,4.87500E-01,8.40806E-05,8.30000E+00,6.17500E+02,0.00000E+00
AvgSA,4.87500E-01,8.40806E-05,8.30000E+00,6.22500E+02,0.00000E+00
AvgSA,4.87500E-01,8.40806E-05,8.30000E+00,6.27500E+02,0.00000E+00
AvgSA,4.87500E-01,8.40806E-05,8.30000E+00,6.32500E+02,0.00000E+00
AvgSA,4.87500E-01,8.40806E-05,8.30000E+00,6.37500E+02,0.00000E+00
AvgSA,4.87500E-01,8.40806E-05,8.30000E+00,6.42500E+02,0.00000E+00
AvgSA,4.87500E-01,8.40806E-05,8.30000E+00,6.47500E+02,0.00000E+00
AvgSA,4.87500E-01,8.40806E-05,8.30000E+00,6.52500E+02,0.00000E+00
AvgSA,4.87500E-01,8.40806E-05,8.30000E+00,6.57500E+02,0.00000E+00
AvgSA,4.87500E-01,8.40806E-05,8.30000E+00,6.62500E+02,0.00000E+00
AvgSA,4.87500E-01,8.40806E-05,8.30000E+00,6.67500E+02,0.00000E+00
AvgSA,4.87500E-01,8.40806E-05,8.30000E+00,6.72500E+02,0.00000E+00
AvgSA,4.87500E-01,8.40806E-05,8.30000E+00,6.77500E+02,0.00000E+00
AvgSA,4.87500E-01,8.40806E-05,8.30000E+00,6.82500E+02,0.00000E+00
AvgSA,4.87500E-01,8.40806E-05,8.30000E+00,6.87500E+02,0.00000E+00
AvgSA,4.87500E-01,8.40806E-05,8.30000E+00,6.92500E+02,0.00000E+00
AvgSA,4.87500E-01,8.40806E-05,8.30000E+00,6.97500E+02,0.00000E+00
AvgSA,4.87500E-01,8.40806E-05,8.30000E+00,7.02500E+02,0.00000E+00
AvgSA,4.87500E-01,8.40806E-05,8.30000E+00,7.07500E+02,0.00000E+00
AvgSA,4.87500E-01,8.40806E-05,8.30000E+00,7.12500E+02,0.00000E+00
AvgSA,4.87500E-01,8.40806E-05,8.30000E+00,7.17500E+02,0.00000E+00
AvgSA,4.87500E-01,8.40806E-05,8.30000E+00,7.22500E+02,0.00000E+00
AvgSA,4.87500E-01,8.40806E-05,8.30000E+00,7.27500E+02,0.00000E+00
AvgSA,4.87500E-01,8.40806E-05,8.30000E+00,7.32500E+02,0.00000E+00
AvgSA,4.87500E-01,8.40806E-05,8.30000E+00,7.37500E+02,0.00000E+00
AvgSA,4.87500E-01,8.40806E-05,8.30000E+00,7.42500E+02,0.00000E+00
AvgSA,4.87500E-01,8.40806E-05,8.30000E+00,7.47500E+02,0.00000E+00
AvgSA,4.87500E-01,8.40806E-05,8.30000E+00,7.52500E+02,0.00000E+00
AvgSA,4.87500E-01,8.40806E-05,8.30000E+00,7.57500E+02,0.00000E+00
AvgSA,4.87500E-01,8.40806E-05,8.30000E+00,7.62500E+02,0.00000E+00
AvgSA,4.87500E-01,8.40806E-05,8.30000E+00,7.67500E+02,0.00000E+00
AvgSA,4.87500E-01,8.40806E-05,8.30000E+00,7.72500E+02,0.00000E+00
AvgSA,4.87500E-01,8.40806E-05,8.30000E+00,7.77500E+02,0.00000E+00
AvgSA,4.87500E-01,8.40806E-05,8.30000E+00,7.82500E+02,0.00000E+00
AvgSA,4.87500E-01,8.40806E-05,8.30000E+00,7.87500E+02,0.00000E+00
AvgSA,4.87500E-01,8.40806E-05,8.30000E+00,7.92500E+02,0.00000E+00
AvgSA,4.87500E-01,8.40806E-05,8.30000E+00,7.97500E+02,0.00000E+00
AvgSA,4.87500E-01,8.40806E-05,8.30000E+00,8.02500E+02,0.00000E+00
AvgSA,4.87500E-01,8.40806E-05,8.30000E+00,8.07500E+02,0.00000E+00
AvgSA,4.87500E-01,8.40806E-05,8.30000E+00,8.12500E+02,0.00000E+00
AvgSA,4.87500E-01,8.40806E-05,8.30000E+00,8.17500E+02,0.00000E+00
AvgSA,4.87500E-01,8.40806E-05,8.30000E+00,8.22500E+02,0.00000E+00
AvgSA,4.87500E-01,8.40806E-05,8.30000E+00,8.27500E+02,0.00000E+00
AvgSA,4.87500E-01,8.40806E-05,8.30000E+00,8.32500E+02,0.00000E+00
AvgSA,4.87500E-01,8.40806E-05,8.30000E+00,8.37500E+02,0.00000E+00
AvgSA,4.87500E-01,8.40806E-05,8.30000E+00,8.42500E+02,0.00000E+00
AvgSA,4.87500E-01,8.40806E-05,8.30000E+00,8.47500E+02,0.00000E+00
AvgSA,4.87500E-01,8.40806E-05,8.30000E+00,8.52500E+02,0.00000E+00
AvgSA,4.87500E-01,8.40806E-05,8.30000E+00,8.57500E+02,0.00000E+00
AvgSA,4.87500E-01,8.40806E-05,8.30000E+00,8.62500E+02,0.00000E+00
AvgSA,4.87500E-01,8.40806E-05,8.30000E+00,8.67500E+02,0.00000E+00
AvgSA,4.87500E-01,8.40806E-05,8.30000E+00,8.72500E+02,0.00000E+00
AvgSA,4.87500E-01,8.40806E-05,8.30000E+00,8.77500E+02,0.00000E+00
AvgSA,4.87500E-01,8.40806E-05,8.30000E+00,8.82500E+02,0.00000E+00
AvgSA,4.87500E-01,8.40806E-05,8.30000E+00,8.87500E+02,0.00000E+00
AvgSA,4.87500E-01,8.40806E-05,8.30000E+00,8.92500E+02,0.00000E+00
AvgSA,4.87500E-01,8.40806E-05,8.30000E+00,8.97500E+02,0.00000E+00
AvgSA,4.87500E-01,8.40806E-05,8.30000E+00,9.02500E+02,0.00000E+00
AvgSA,4.87500E-01,8.40806E-05,8.30000E+00,9.07500E+02,0.00000E+00
AvgSA,4.87500E-01,8.40806E-05,8.30000E+00,9.12500E+02,0.00000E+00
AvgSA,4.87500E-01,8.40806E-05,8.30000E+00,9.17500E+02,0.00000E+00
AvgSA,4.87500E-01,8.40806E-05,8.30000E+00,9.22500E+02,0.00000E+00
AvgSA,4.87500E-01,8.40806E-05,8.30000E+00,9.27500E+02,0.00000E+00
AvgSA,4.87500E-01,8.40806E-05,8.30000E+00,9.32500E+02,0.00000E+00
AvgSA,4.87500E-01,8.40806E-05,8.30000E+00,9.37500E+02,0.00000E+00
AvgSA,4.87500E-01,8.40806E-05,8.30000E+00,9.42500E+02,0.00000E+00
AvgSA,4.87500E-01,8.40806E-05,8.30000E+00,9.47500E+02,0.00000E+00
AvgSA,4.87500E-01,8.40806E-05,8.30000E+00,9.52500E+02,0.00000E+00
AvgSA,4.87500E-01,8.40806E-05,8.30000E+00,9.57500E+02,0.00000E+00
AvgSA,4.87500E-01,8.40806E-05,8.30000E+00,9.62500E+02,0.00000E+00
AvgSA,4.87500E-01,8.40806E-05,8.30000E+00,9.67500E+02,0.00000E+00
AvgSA,4.87500E-01,8.40806E-05,8.30000E+00,9.72500E+02,0.00000E+00
AvgSA,4.87500E-01,8.40806E-05,8.30000E+00,9.77500E+02,0.00000E+00
AvgSA,4.87500E-01,8.40806E-05,8.30000E+00,9.82500E+02,0.00000E+00
AvgSA,4.87500E-01,8.40806E-05,8.30000E+00,9.87500E+02,0.00000E+00
AvgSA,4.87500E-01,8.40806E-05,8.30000E+00,9.92500E+02,0.00000E+00
AvgSA,4.87500E-01,8.40806E-05,8.30000E+00,9.97500E+02,0.00000E+00
AvgSA,4.87500E-01,8.40806E-05,8.50000E+00,2.50000E+00,0.00000E+00
AvgSA,4.87500E-01,8.40806E-05,8.50000E+00,7.50000E+00,0.00000E+00
AvgSA,4.87500E-01,8.40806E-05,8.50000E+00,1.25000E+01,0.00000E+00
AvgSA,4.87500E-01,8.40806E-05,8.50000E+00,1.75000E+01,0.00000E+00
AvgSA,4.87500E-01,8.40806E-05,8.50000E+00,2.25000E+01,0.00000E+00
AvgSA,4.87500E-01,8.40806E-05,8.50000E+00,2.75000E+01,0.00000E+00
AvgSA,4.87500E-01,8.40806E-05,8.50000E+00,3.25000E+01,0.00000E+00
AvgSA,4.87500E-01,8.40806E-05,8.50000E+00,3.75000E+01,0.00000E+00
AvgSA,4.87500E-01,8.40806E-05,8.50000E+00,4.25000E+01,0.00000E+00
AvgSA,4.87500E-01,8.40806E-05,8.50000E+00,4.75000E+01,0.00000E+00
AvgSA,4.87500E-01,8.40806E-05,8.50000E+00,5.25000E+01,0.00000E+00
AvgSA,4.87500E-01,8.40806E-05,8.50000E+00,5.75000E+01,0.00000E+00
AvgSA,4.87500E-01,8.40806E-05,8.50000E+00,6.25000E+01,0.00000E+00
AvgSA,4.87500E-01,8.40806E-05,8.50000E+00,6.75000E+01,0.00000E+00
AvgSA,4.87500E-01,8.40806E-05,8.50000E+00,7.25000E+01,0.00000E+00
AvgSA,4.87500E-01,8.40806E-05,8.50000E+00,7.75000E+01,0.00000E+00
AvgSA,4.87500E-01,8.40806E-05,8.50000E+00,8.25000E+01,0.00000E+00
AvgSA,4.87500E-01,8.40806E-05,8.50000E+00,8.75000E+01,4.21219E-07
AvgSA,4.87500E-01,8.40806E-05,8.50000E+00,9.25000E+01,1.79813E-09
AvgSA,4.87500E-01,8.40806E-05,8.50000E+00,9.75000E+01,1.62949E-08
AvgSA,4.87500E-01,8.40806E-05,8.50000E+00,1.02500E+02,2.04894E-09
AvgSA,4.87500E-01,8.40806E-05,8.50000E+00,1.07500E+02,1.09627E-09
AvgSA,4.87500E-01,8.40806E-05,8.50000E+00,1.12500E+02,1.02393E-08
AvgSA,4.87500E-01,8.40806E-05,8.50000E+00,1.17500E+02,1.17851E-09
AvgSA,4.87500E-01,8.40806E-05,8.50000E+00,1.22500E+02,3.42508E-07
AvgSA,4.87500E-01,8.40806E-05,8.50000E+00,1.27500E+02,3.04317E-09
AvgSA,4.87500E-01,8.40806E-05,8.50000E+00,1.32500E+02,3.92428E-09
AvgSA,4.87500E-01,8.40806E-05,8.50000E+00,1.37500E+02,2.24902E-10
AvgSA,4.87500E-01,8.40806E-05,8.50000E+00,1.42500E+02,1.19423E-09
AvgSA,4.87500E-01,8.40806E-05,8.50000E+00,1.47500E+02,9.13535E-10
AvgSA,4.87500E-01,8.40806E-05,8.50000E+00,1.52500E+02,8.21582E-09
AvgSA,4.87500E-01,8.40806E-05,8.50000E+00,1.57500E+02,9.43814E-10
AvgSA,4.87500E-01,8.40806E-05,8.50000E+00,1.62500E+02,6.02762E-10
AvgSA,4.87500E-01,8.40806E-05,8.50000E+00,1.67500E+02,4.09274E-10
AvgSA,4.87500E-01,8.40806E-05,8.50000E+00,1.72500E+02,5.54812E-10
AvgSA,4.87500E-01,8.40806E-05,8.50000E+00,1.77500E+02,6.86810E-10
AvgSA,4.87500E-01,8.40806E-05,8.50000E+00,1.82500E+02,2.83905E-10
AvgSA,4.87500E-01,8.40806E-05,8.50000E+00,1.87500E+02,2.93335E-10
AvgSA,4.87500E-01,8.40806E-05,8.50000E+00,1.92500E+02,1.32339E-10
AvgSA,4.87500E-01,8.40806E-05,8.50000E+00,1.97500E+02,1.30576E-08
AvgSA,4.87500E-01,8.40806E-05,8.50000E+00,2.02500E+02,5.21796E-11
AvgSA,4.87500E-01,8.40806E-05,8.50000E+00,2.07500E+02,9.95975E-10
AvgSA,4.87500E-01,8.40806E-05,8.50000E+00,2.12500E+02,1.26467E-11
AvgSA,4.87500E-01,8.40806E-05,8.50000E+00,2.17500E+02,1.53274E-09
AvgSA,4.87500E-01,8.40806E-05,8.50000E+00,2.22500E+02,1.27815E-09
AvgSA,4.87500E-01,8.40806E-05,8.50000E+00,2.27500E+02,2.16774E-11
AvgSA,4.87500E-01,8.40806E-05,8.50000E+00,2.32500E+02,4.88649E-10
AvgSA,4.87500E-01,8.40806E-05,8.50000E+00,2.37500E+02,2.27231E-10
AvgSA,4.87500E-01,8.40806E-05,8.50000E+00,2.42500E+02,1.65923E-10
AvgSA,4.87500E-01,8.40806E-05,8.50000E+00,2.47500E+02,0.00000E+00
AvgSA,4.87500E-01,8.40806E-05,8.50000E+00,2.52500E+02,1.33062E-10
AvgSA,4.87500E-01,8.40806E-05,8.50000E+00,2.57500E+02,0.00000E+00
AvgSA,4.87500E-01,8.40806E-05,8.50000E+00,2.62500E+02,1.55243E-10
AvgSA,4.87500E-01,8.40806E-05,8.50000E+00,2.67500E+02,4.87728E-11
AvgSA,4.87500E-01,8.40806E-05,8.50000E+00,2.72500E+02,1.62660E-11
AvgSA,4.87500E-01,8.40806E-05,8.50000E+00,2.77500E+02,3.59295E-11
AvgSA,4.87500E-01,8.40806E-05,8.50000E+00,2.82500E+02,8.68261E-12
AvgSA,4.87500E-01,8.40806E-05,8.50000E+00,2.87500E+02,2.61190E-11
AvgSA,4.87500E-01,8.40806E-05,8.50000E+00,2.92500E+02,9.41103E-12
AvgSA,4.87500E-01,8.40806E-05,8.50000E+00,2.97500E+02,0.00000E+00
AvgSA,4.87500E-01,8.40806E-05,8.50000E+00,3.02500E+02,4.56224E-12
AvgSA,4.87500E-01,8.40806E-05,8.50000E+00,3.07500E+02,3.03076E-10
AvgSA,4.87500E-01,8.40806E-05,8.50000E+00,3.12500E+02,3.31157E-12
AvgSA,4.87500E-01,8.40806E-05,8.50000E+00,3.17500E+02,0.00000E+00
AvgSA,4.87500E-01,8.40806E-05,8.50000E+00,3.22500E+02,2.40541E-12
AvgSA,4.87500E-01,8.40806E-05,8.50000E+00,3.27500E+02,0.00000E+00
AvgSA,4.87500E-01,8.40806E-05,8.50000E+00,3.32500E+02,2.50633E-12
AvgSA,4.87500E-01,8.40806E-05,8.50000E+00,3.37500E+02,6.52556E-11
AvgSA,4.87500E-01,8.40806E-05,8.50000E+00,3.42500E+02,9.82436E-13
AvgSA,4.87500E-01,8.40806E-05,8.50000E+00,3.47500E+02,6.44818E-13
AvgSA,4.87500E-01,8.40806E-05,8.50000E+00,3.52500E+02,0.00000E+00
AvgSA,4.87500E-01,8.40806E-05,8.50000E+00,3.57500E+02,4.76286E-13
AvgSA,4.87500E-01,8.40806E-05,8.50000E+00,3.62500E+02,0.00000E+00
AvgSA,4.87500E-01,8.40806E-05,8.50000E+00,3.67500E+02,3.49498E-13
AvgSA,4.87500E-01,8.40806E-05,8.50000E+00,3.72500E+02,0.00000E+00
AvgSA,4.87500E-01,8.40806E-05,8.50000E+00,3.77500E+02,0.00000E+00
AvgSA,4.87500E-01,8.40806E-05,8.50000E+00,3.82500E+02,0.00000E+00
AvgSA,4.87500E-01,8.40806E-05,8.50000E+00,3.87500E+02,0.00000E+00
AvgSA,4.87500E-01,8.40806E-05,8.50000E+00,3.92500E+02,0.00000E+00
AvgSA,4.87500E-01,8.40806E-05,8.50000E+00,3.97500E+02,0.00000E+00
AvgSA,4.87500E-01,8.40806E-05,8.50000E+00,4.02500E+02,0.00000E+00
AvgSA,4.87500E-01,8.40806E-05,8.50000E+00,4.07500E+02,0.00000E+00
AvgSA,4.87500E-01,8.40806E-05,8.50000E+00,4.12500E+02,0.00000E+00
AvgSA,4.87500E-01,8.40806E-05,8.50000E+00,4.17500E+02,0.00000E+00
AvgSA,4.87500E-01,8.40806E-05,8.50000E+00,4.22500E+02,0.00000E+00
AvgSA,4.87500E-01,8.40806E-05,8.50000E+00,4.27500E+02,0.00000E+00
AvgSA,4.87500E-01,8.40806E-05,8.50000E+00,4.32500E+02,0.00000E+00
AvgSA,4.87500E-01,8.40806E-05,8.50000E+00,4.37500E+02,0.00000E+00
AvgSA,4.87500E-01,8.40806E-05,8.50000E+00,4.42500E+02,0.00000E+00
AvgSA,4.87500E-01,8.40806E-05,8.50000E+00,4.47500E+02,0.00000E+00
AvgSA,4.87500E-01,8.40806E-05,8.50000E+00,4.52500E+02,0.00000E+00
AvgSA,4.87500E-01,8.40806E-05,8.50000E+00,4.57500E+02,0.00000E+00
AvgSA,4.87500E-01,8.40806E-05,8.50000E+00,4.62500E+02,0.00000E+00
AvgSA,4.87500E-01,8.40806E-05,8.50000E+00,4.67500E+02,0.00000E+00
AvgSA,4.87500E-01,8.40806E-05,8.50000E+00,4.72500E+02,0.00000E+00
AvgSA,4.87500E-01,8.40806E-05,8.50000E+00,4.77500E+02,0.00000E+00
AvgSA,4.87500E-01,8.40806E-05,8.50000E+00,4.82500E+02,0.00000E+00
AvgSA,4.87500E-01,8.40806E-05,8.50000E+00,4.87500E+02,0.00000E+00
AvgSA,4.87500E-01,8.40806E-05,8.50000E+00,4.92500E+02,0.00000E+00
AvgSA,4.87500E-01,8.40806E-05,8.50000E+00,4.97500E+02,0.00000E+00
AvgSA,4.87500E-01,8.40806E-05,8.50000E+00,5.02500E+02,0.00000E+00
AvgSA,4.87500E-01,8.40806E-05,8.50000E+00,5.07500E+02,0.00000E+00
AvgSA,4.87500E-01,8.40806E-05,8.50000E+00,5.12500E+02,0.00000E+00
AvgSA,4.87500E-01,8.40806E-05,8.50000E+00,5.17500E+02,0.00000E+00
AvgSA,4.87500E-01,8.40806E-05,8.50000E+00,5.22500E+02,0.00000E+00
AvgSA,4.87500E-01,8.40806E-05,8.50000E+00,5.27500E+02,0.00000E+00
AvgSA,4.87500E-01,8.40806E-05,8.50000E+00,5.32500E+02,0.00000E+00
AvgSA,4.87500E-01,8.40806E-05,8.50000E+00,5.37500E+02,0.00000E+00
AvgSA,4.87500E-01,8.40806E-05,8.50000E+00,5.42500E+02,0.00000E+00
AvgSA,4.87500E-01,8.40806E-05,8.50000E+00,5.47500E+02,0.00000E+00
AvgSA,4.87500E-01,8.40806E-05,8.50000E+00,5.52500E+02,0.00000E+00
AvgSA,4.87500E-01,8.40806E-05,8.50000E+00,5.57500E+02,0.00000E+00
AvgSA,4.87500E-01,8.40806E-05,8.50000E+00,5.62500E+02,0.00000E+00
AvgSA,4.87500E-01,8.40806E-05,8.50000E+00,5.67500E+02,0.00000E+00
AvgSA,4.87500E-01,8.40806E-05,8.50000E+00,5.72500E+02,0.00000E+00
AvgSA,4.87500E-01,8.40806E-05,8.50000E+00,5.77500E+02,0.00000E+00
AvgSA,4.87500E-01,8.40806E-05,8.50000E+00,5.82500E+02,0.00000E+00
AvgSA,4.87500E-01,8.40806E-05,8.50000E+00,5.87500E+02,0.00000E+00
AvgSA,4.87500E-01,8.40806E-05,8.50000E+00,5.92500E+02,0.00000E+00
AvgSA,4.87500E-01,8.40806E-05,8.50000E+00,5.97500E+02,0.00000E+00
AvgSA,4.87500E-01,8.40806E-05,8.50000E+00,6.02500E+02,0.00000E+00
AvgSA,4.87500E-01,8.40806E-05,8.50000E+00,6.07500E+02,0.00000E+00
AvgSA,4.87500E-01,8.40806E-05,8.50000E+00,6.12500E+02,0.00000E+00
AvgSA,4.87500E-01,8.40806E-05,8.50000E+00,6.17500E+02,0.00000E+00
AvgSA,4.87500E-01,8.40806E-05,8.50000E+00,6.22500E+02,0.00000E+00
AvgSA,4.87500E-01,8.40806E-05,8.50000E+00,6.27500E+02,0.00000E+00
AvgSA,4.87500E-01,8.40806E-05,8.50000E+00,6.32500E+02,0.00000E+00
AvgSA,4.87500E-01,8.40806E-05,8.50000E+00,6.37500E+02,0.00000E+00
AvgSA,4.87500E-01,8.40806E-05,8.50000E+00,6.42500E+02,0.00000E+00
AvgSA,4.87500E-01,8.40806E-05,8.50000E+00,6.47500E+02,0.00000E+00
AvgSA,4.87500E-01,8.40806E-05,8.50000E+00,6.52500E+02,0.00000E+00
AvgSA,4.87500E-01,8.40806E-05,8.50000E+00,6.57500E+02,0.00000E+00
AvgSA,4.87500E-01,8.40806E-05,8.50000E+00,6.62500E+02,0.00000E+00
AvgSA,4.87500E-01,8.40806E-05,8.50000E+00,6.67500E+02,0.00000E+00
AvgSA,4.87500E-01,8.40806E-05,8.50000E+00,6.72500E+02,0.00000E+00
AvgSA,4.87500E-01,8.40806E-05,8.50000E+00,6.77500E+02,0.00000E+00
AvgSA,4.87500E-01,8.40806E-05,8.50000E+00,6.82500E+02,0.00000E+00
AvgSA,4.87500E-01,8.40806E-05,8.50000E+00,6.87500E+02,0.00000E+00
AvgSA,4.87500E-01,8.40806E-05,8.50000E+00,6.92500E+02,0.00000E+00
AvgSA,4.87500E-01,8.40806E-05,8.50000E+00,6.97500E+02,0.00000E+00
AvgSA,4.87500E-01,8.40806E-05,8.50000E+00,7.02500E+02,0.00000E+00
AvgSA,4.87500E-01,8.40806E-05,8.50000E+00,7.07500E+02,0.00000E+00
AvgSA,4.87500E-01,8.40806E-05,8.50000E+00,7.12500E+02,0.00000E+00
AvgSA,4.87500E-01,8.40806E-05,8.50000E+00,7.17500E+02,0.00000E+00
AvgSA,4.87500E-01,8.40806E-05,8.50000E+00,7.22500E+02,0.00000E+00
AvgSA,4.87500E-01,8.40806E-05,8.50000E+00,7.27500E+02,0.00000E+00
AvgSA,4.87500E-01,8.40806E-05,8.50000E+00,7.32500E+02,0.00000E+00
AvgSA,4.87500E-01,8.40806E-05,8.50000E+00,7.37500E+02,0.00000E+00
AvgSA,4.87500E-01,8.40806E-05,8.50000E+00,7.42500E+02,0.00000E+00
AvgSA,4.87500E-01,8.40806E-05,8.50000E+00,7.47500E+02,0.00000E+00
AvgSA,4.87500E-01,8.40806E-05,8.50000E+00,7.52500E+02,0.00000E+00
AvgSA,4.87500E-01,8.40806E-05,8.50000E+00,7.57500E+02,0.00000E+00
AvgSA,4.87500E-01,8.40806E-05,8.50000E+00,7.62500E+02,0.00000E+00
AvgSA,4.87500E-01,8.40806E-05,8.50000E+00,7.67500E+02,0.00000E+00
AvgSA,4.87500E-01,8.40806E-05,8.50000E+00,7.72500E+02,0.00000E+00
AvgSA,4.87500E-01,8.40806E-05,8.50000E+00,7.77500E+02,0.00000E+00
AvgSA,4.87500E-01,8.40806E-05,8.50000E+00,7.82500E+02,0.00000E+00
AvgSA,4.87500E-01,8.40806E-05,8.50000E+00,7.87500E+02,0.00000E+00
AvgSA,4.87500E-01,8.40806E-05,8.50000E+00,7.92500E+02,0.00000E+00
AvgSA,4.87500E-01,8.40806E-05,8.50000E+00,7.97500E+02,0.00000E+00
AvgSA,4.87500E-01,8.40806E-05,8.50000E+00,8.02500E+02,0.00000E+00
AvgSA,4.87500E-01,8.40806E-05,8.50000E+00,8.07500E+02,0.00000E+00
AvgSA,4.87500E-01,8.40806E-05,8.50000E+00,8.12500E+02,0.00000E+00
AvgSA,4.87500E-01,8.40806E-05,8.50000E+00,8.17500E+02,0.00000E+00
AvgSA,4.87500E-01,8.40806E-05,8.50000E+00,8.22500E+02,0.00000E+00
AvgSA,4.87500E-01,8.40806E-05,8.50000E+00,8.27500E+02,0.00000E+00
AvgSA,4.87500E-01,8.40806E-05,8.50000E+00,8.32500E+02,0.00000E+00
AvgSA,4.87500E-01,8.40806E-05,8.50000E+00,8.37500E+02,0.00000E+00
AvgSA,4.87500E-01,8.40806E-05,8.50000E+00,8.42500E+02,0.00000E+00
AvgSA,4.87500E-01,8.40806E-05,8.50000E+00,8.47500E+02,0.00000E+00
AvgSA,4.87500E-01,8.40806E-05,8.50000E+00,8.52500E+02,0.00000E+00
AvgSA,4.87500E-01,8.40806E-05,8.50000E+00,8.57500E+02,0.00000E+00
AvgSA,4.87500E-01,8.40806E-05,8.50000E+00,8.62500E+02,0.00000E+00
AvgSA,4.87500E-01,8.40806E-05,8.50000E+00,8.67500E+02,0.00000E+00
AvgSA,4.87500E-01,8.40806E-05,8.50000E+00,8.72500E+02,0.00000E+00
AvgSA,4.87500E-01,8.40806E-05,8.50000E+00,8.77500E+02,0.00000E+00
AvgSA,4.87500E-01,8.40806E-05,8.50000E+00,8.82500E+02,0.00000E+00
AvgSA,4.87500E-01,8.40806E-05,8.50000E+00,8.87500E+02,0.00000E+00
AvgSA,4.87500E-01,8.40806E-05,8.50000E+00,8.92500E+02,0.00000E+00
AvgSA,4.87500E-01,8.40806E-05,8.50000E+00,8.97500E+02,0.00000E+00
AvgSA,4.87500E-01,8.40806E-05,8.50000E+00,9.02500E+02,0.00000E+00
AvgSA,4.87500E-01,8.40806E-05,8.50000E+00,9.07500E+02,0.00000E+00
AvgSA,4.87500E-01,8.40806E-05,8.50000E+00,9.12500E+02,0.00000E+00
AvgSA,4.87500E-01,8.40806E-05,8.50000E+00,9.17500E+02,0.00000E+00
AvgSA,4.87500E-01,8.40806E-05,8.50000E+00,9.22500E+02,0.00000E+00
AvgSA,4.87500E-01,8.40806E-05,8.50000E+00,9.27500E+02,0.00000E+00
AvgSA,4.87500E-01,8.40806E-05,8.50000E+00,9.32500E+02,0.00000E+00
AvgSA,4.87500E-01,8.40806E-05,8.50000E+00,9.37500E+02,0.00000E+00
AvgSA,4.87500E-01,8.40806E-05,8.50000E+00,9.42500E+02,0.00000E+00
AvgSA,4.87500E-01,8.40806E-05,8.50000E+00,9.47500E+02,0.00000E+00
AvgSA,4.87500E-01,8.40806E-05,8.50000E+00,9.52500E+02,0.00000E+00
AvgSA,4.87500E-01,8.40806E-05,8.50000E+00,9.57500E+02,0.00000E+00
AvgSA,4.87500E-01,8.40806E-05,8.50000E+00,9.62500E+02,0.00000E+00
AvgSA,4.87500E-01,8.40806E-05,8.50000E+00,9.67500E+02,0.00000E+00
AvgSA,4.87500E-01,8.40806E-05,8.50000E+00,9.72500E+02,0.00000E+00
AvgSA,4.87500E-01,8.40806E-05,8.50000E+00,9.77500E+02,0.00000E+00
AvgSA,4.87500E-01,8.40806E-05,8.50000E+00,9.82500E+02,0.00000E+00
AvgSA,4.87500E-01,8.40806E-05,8.50000E+00,9.87500E+02,0.00000E+00
AvgSA,4.87500E-01,8.40806E-05,8.50000E+00,9.92500E+02,0.00000E+00
AvgSA,4.87500E-01,8.40806E-05,8.50000E+00,9.97500E+02,0.00000E+00
AvgSA,4.87500E-01,8.40806E-05,8.70000E+00,2.50000E+00,0.00000E+00
AvgSA,4.87500E-01,8.40806E-05,8.70000E+00,7.50000E+00,0.00000E+00
AvgSA,4.87500E-01,8.40806E-05,8.70000E+00,1.25000E+01,0.00000E+00
AvgSA,4.87500E-01,8.40806E-05,8.70000E+00,1.75000E+01,0.00000E+00
AvgSA,4.87500E-01,8.40806E-05,8.70000E+00,2.25000E+01,0.00000E+00
AvgSA,4.87500E-01,8.40806E-05,8.70000E+00,2.75000E+01,0.00000E+00
AvgSA,4.87500E-01,8.40806E-05,8.70000E+00,3.25000E+01,0.00000E+00
AvgSA,4.87500E-01,8.40806E-05,8.70000E+00,3.75000E+01,0.00000E+00
AvgSA,4.87500E-01,8.40806E-05,8.70000E+00,4.25000E+01,0.00000E+00
AvgSA,4.87500E-01,8.40806E-05,8.70000E+00,4.75000E+01,0.00000E+00
AvgSA,4.87500E-01,8.40806E-05,8.70000E+00,5.25000E+01,0.00000E+00
AvgSA,4.87500E-01,8.40806E-05,8.70000E+00,5.75000E+01,0.00000E+00
AvgSA,4.87500E-01,8.40806E-05,8.70000E+00,6.25000E+01,0.00000E+00
AvgSA,4.87500E-01,8.40806E-05,8.70000E+00,6.75000E+01,0.00000E+00
AvgSA,4.87500E-01,8.40806E-05,8.70000E+00,7.25000E+01,0.00000E+00
AvgSA,4.87500E-01,8.40806E-05,8.70000E+00,7.75000E+01,0.00000E+00
AvgSA,4.87500E-01,8.40806E-05,8.70000E+00,8.25000E+01,0.00000E+00
AvgSA,4.87500E-01,8.40806E-05,8.70000E+00,8.75000E+01,6.53082E-07
AvgSA,4.87500E-01,8.40806E-05,8.70000E+00,9.25000E+01,6.10593E-09
AvgSA,4.87500E-01,8.40806E-05,8.70000E+00,9.75000E+01,7.09454E-08
AvgSA,4.87500E-01,8.40806E-05,8.70000E+00,1.02500E+02,7.00923E-10
AvgSA,4.87500E-01,8.40806E-05,8.70000E+00,1.07500E+02,3.34796E-09
AvgSA,4.87500E-01,8.40806E-05,8.70000E+00,1.12500E+02,2.01645E-08
AvgSA,4.87500E-01,8.40806E-05,8.70000E+00,1.17500E+02,2.02790E-09
AvgSA,4.87500E-01,8.40806E-05,8.70000E+00,1.22500E+02,4.81543E-06
AvgSA,4.87500E-01,8.40806E-05,8.70000E+00,1.27500E+02,4.98625E-09
AvgSA,4.87500E-01,8.40806E-05,8.70000E+00,1.32500E+02,1.96482E-09
AvgSA,4.87500E-01,8.40806E-05,8.70000E+00,1.37500E+02,2.03369E-09
AvgSA,4.87500E-01,8.40806E-05,8.70000E+00,1.42500E+02,2.33508E-09
AvgSA,4.87500E-01,8.40806E-05,8.70000E+00,1.47500E+02,5.80395E-10
AvgSA,4.87500E-01,8.40806E-05,8.70000E+00,1.52500E+02,1.17182E-06
AvgSA,4.87500E-01,8.40806E-05,8.70000E+00,1.57500E+02,6.44698E-10
AvgSA,4.87500E-01,8.40806E-05,8.70000E+00,1.62500E+02,1.08154E-09
AvgSA,4.87500E-01,8.40806E-05,8.70000E+00,1.67500E+02,5.94486E-08
AvgSA,4.87500E-01,8.40806E-05,8.70000E+00,1.72500E+02,6.12551E-10
AvgSA,4.87500E-01,8.40806E-05,8.70000E+00,1.77500E+02,2.91631E-09
AvgSA,4.87500E-01,8.40806E-05,8.70000E+00,1.82500E+02,3.72086E-10
AvgSA,4.87500E-01,8.40806E-05,8.70000E+00,1.87500E+02,1.53951E-09
AvgSA,4.87500E-01,8.40806E-05,8.70000E+00,1.92500E+02,3.75564E-10
AvgSA,4.87500E-01,8.40806E-05,8.70000E+00,1.97500E+02,4.51698E-08
AvgSA,4.87500E-01,8.40806E-05,8.70000E+00,2.02500E+02,1.25824E-10
AvgSA,4.87500E-01,8.40806E-05,8.70000E+00,2.07500E+02,3.66072E-09
AvgSA,4.87500E-01,8.40806E-05,8.70000E+00,2.12500E+02,7.71349E-11
AvgSA,4.87500E-01,8.40806E-05,8.70000E+00,2.17500E+02,1.31759E-08
AvgSA,4.87500E-01,8.40806E-05,8.70000E+00,2.22500E+02,3.77038E-10
AvgSA,4.87500E-01,8.40806E-05,8.70000E+00,2.27500E+02,0.00000E+00
AvgSA,4.87500E-01,8.40806E-05,8.70000E+00,2.32500E+02,5.13933E-10
AvgSA,4.87500E-01,8.40806E-05,8.70000E+00,2.37500E+02,0.00000E+00
AvgSA,4.87500E-01,8.40806E-05,8.70000E+00,2.42500E+02,1.98679E-10
AvgSA,4.87500E-01,8.40806E-05,8.70000E+00,2.47500E+02,0.00000E+00
AvgSA,4.87500E-01,8.40806E-05,8.70000E+00,2.52500E+02,1.44581E-10
AvgSA,4.87500E-01,8.40806E-05,8.70000E+00,2.57500E+02,0.00000E+00
AvgSA,4.87500E-01,8.40806E-05,8.70000E+00,2.62500E+02,1.32886E-10
AvgSA,4.87500E-01,8.40806E-05,8.70000E+00,2.67500E+02,0.00000E+00
AvgSA,4.87500E-01,8.40806E-05,8.70000E+00,2.72500E+02,7.72418E-11
AvgSA,4.87500E-01,8.40806E-05,8.70000E+00,2.77500E+02,0.00000E+00
AvgSA,4.87500E-01,8.40806E-05,8.70000E+00,2.82500E+02,5.65930E-11
AvgSA,4.87500E-01,8.40806E-05,8.70000E+00,2.87500E+02,0.00000E+00
AvgSA,4.87500E-01,8.40806E-05,8.70000E+00,2.92500E+02,3.74116E-11
AvgSA,4.87500E-01,8.40806E-05,8.70000E+00,2.97500E+02,0.00000E+00
AvgSA,4.87500E-01,8.40806E-05,8.70000E+00,3.02500E+02,3.03865E-11
AvgSA,4.87500E-01,8.40806E-05,8.70000E+00,3.07500E+02,5.02230E-10
AvgSA,4.87500E-01,8.40806E-05,8.70000E+00,3.12500E+02,8.53184E-12
AvgSA,4.87500E-01,8.40806E-05,8.70000E+00,3.17500E+02,0.00000E+00
AvgSA,4.87500E-01,8.40806E-05,8.70000E+00,3.22500E+02,1.65858E-11
AvgSA,4.87500E-01,8.40806E-05,8.70000E+00,3.27500E+02,0.00000E+00
AvgSA,4.87500E-01,8.40806E-05,8.70000E+00,3.32500E+02,3.30210E-10
AvgSA,4.87500E-01,8.40806E-05,8.70000E+00,3.37500E+02,0.00000E+00
AvgSA,4.87500E-01,8.40806E-05,8.70000E+00,3.42500E+02,8.28815E-12
AvgSA,4.87500E-01,8.40806E-05,8.70000E+00,3.47500E+02,5.90750E-12
AvgSA,4.87500E-01,8.40806E-05,8.70000E+00,3.52500E+02,0.00000E+00
AvgSA,4.87500E-01,8.40806E-05,8.70000E+00,3.57500E+02,9.17821E-13
AvgSA,4.87500E-01,8.40806E-05,8.70000E+00,3.62500E+02,0.00000E+00
AvgSA,4.87500E-01,8.40806E-05,8.70000E+00,3.67500E+02,6.84897E-13
AvgSA,4.87500E-01,8.40806E-05,8.70000E+00,3.72500E+02,0.00000E+00
AvgSA,4.87500E-01,8.40806E-05,8.70000E+00,3.77500E+02,5.08260E-13
AvgSA,4.87500E-01,8.40806E-05,8.70000E+00,3.82500E+02,0.00000E+00
AvgSA,4.87500E-01,8.40806E-05,8.70000E+00,3.87500E+02,3.74589E-13
AvgSA,4.87500E-01,8.40806E-05,8.70000E+00,3.92500E+02,0.00000E+00
AvgSA,4.87500E-01,8.40806E-05,8.70000E+00,3.97500E+02,0.00000E+00
AvgSA,4.87500E-01,8.40806E-05,8.70000E+00,4.02500E+02,0.00000E+00
AvgSA,4.87500E-01,8.40806E-05,8.70000E+00,4.07500E+02,0.00000E+00
AvgSA,4.87500E-01,8.40806E-05,8.70000E+00,4.12500E+02,0.00000E+00
AvgSA,4.87500E-01,8.40806E-05,8.70000E+00,4.17500E+02,0.00000E+00
AvgSA,4.87500E-01,8.40806E-05,8.70000E+00,4.22500E+02,0.00000E+00
AvgSA,4.87500E-01,8.40806E-05,8.70000E+00,4.27500E+02,0.00000E+00
AvgSA,4.87500E-01,8.40806E-05,8.70000E+00,4.32500E+02,0.00000E+00
AvgSA,4.87500E-01,8.40806E-05,8.70000E+00,4.37500E+02,0.00000E+00
AvgSA,4.87500E-01,8.40806E-05,8.70000E+00,4.42500E+02,0.00000E+00
AvgSA,4.87500E-01,8.40806E-05,8.70000E+00,4.47500E+02,9.68625E-12
AvgSA,4.87500E-01,8.40806E-05,8.70000E+00,4.52500E+02,0.00000E+00
AvgSA,4.87500E-01,8.40806E-05,8.70000E+00,4.57500E+02,0.00000E+00
AvgSA,4.87500E-01,8.40806E-05,8.70000E+00,4.62500E+02,0.00000E+00
AvgSA,4.87500E-01,8.40806E-05,8.70000E+00,4.67500E+02,0.00000E+00
AvgSA,4.87500E-01,8.40806E-05,8.70000E+00,4.72500E+02,0.00000E+00
AvgSA,4.87500E-01,8.40806E-05,8.70000E+00,4.77500E+02,0.00000E+00
AvgSA,4.87500E-01,8.40806E-05,8.70000E+00,4.82500E+02,0.00000E+00
AvgSA,4.87500E-01,8.40806E-05,8.70000E+00,4.87500E+02,0.00000E+00
AvgSA,4.87500E-01,8.40806E-05,8.70000E+00,4.92500E+02,0.00000E+00
AvgSA,4.87500E-01,8.40806E-05,8.70000E+00,4.97500E+02,0.00000E+00
AvgSA,4.87500E-01,8.40806E-05,8.70000E+00,5.02500E+02,0.00000E+00
AvgSA,4.87500E-01,8.40806E-05,8.70000E+00,5.07500E+02,0.00000E+00
AvgSA,4.87500E-01,8.40806E-05,8.70000E+00,5.12500E+02,0.00000E+00
AvgSA,4.87500E-01,8.40806E-05,8.70000E+00,5.17500E+02,0.00000E+00
AvgSA,4.87500E-01,8.40806E-05,8.70000E+00,5.22500E+02,0.00000E+00
AvgSA,4.87500E-01,8.40806E-05,8.70000E+00,5.27500E+02,0.00000E+00
AvgSA,4.87500E-01,8.40806E-05,8.70000E+00,5.32500E+02,0.00000E+00
AvgSA,4.87500E-01,8.40806E-05,8.70000E+00,5.37500E+02,0.00000E+00
AvgSA,4.87500E-01,8.40806E-05,8.70000E+00,5.42500E+02,0.00000E+00
AvgSA,4.87500E-01,8.40806E-05,8.70000E+00,5.47500E+02,0.00000E+00
AvgSA,4.87500E-01,8.40806E-05,8.70000E+00,5.52500E+02,0.00000E+00
AvgSA,4.87500E-01,8.40806E-05,8.70000E+00,5.57500E+02,0.00000E+00
AvgSA,4.87500E-01,8.40806E-05,8.70000E+00,5.62500E+02,0.00000E+00
AvgSA,4.87500E-01,8.40806E-05,8.70000E+00,5.67500E+02,0.00000E+00
AvgSA,4.87500E-01,8.40806E-05,8.70000E+00,5.72500E+02,0.00000E+00
AvgSA,4.87500E-01,8.40806E-05,8.70000E+00,5.77500E+02,0.00000E+00
AvgSA,4.87500E-01,8.40806E-05,8.70000E+00,5.82500E+02,0.00000E+00
AvgSA,4.87500E-01,8.40806E-05,8.70000E+00,5.87500E+02,0.00000E+00
AvgSA,4.87500E-01,8.40806E-05,8.70000E+00,5.92500E+02,0.00000E+00
AvgSA,4.87500E-01,8.40806E-05,8.70000E+00,5.97500E+02,0.00000E+00
AvgSA,4.87500E-01,8.40806E-05,8.70000E+00,6.02500E+02,0.00000E+00
AvgSA,4.87500E-01,8.40806E-05,8.70000E+00,6.07500E+02,0.00000E+00
AvgSA,4.87500E-01,8.40806E-05,8.70000E+00,6.12500E+02,0.00000E+00
AvgSA,4.87500E-01,8.40806E-05,8.70000E+00,6.17500E+02,0.00000E+00
AvgSA,4.87500E-01,8.40806E-05,8.70000E+00,6.22500E+02,0.00000E+00
AvgSA,4.87500E-01,8.40806E-05,8.70000E+00,6.27500E+02,0.00000E+00
AvgSA,4.87500E-01,8.40806E-05,8.70000E+00,6.32500E+02,0.00000E+00
AvgSA,4.87500E-01,8.40806E-05,8.70000E+00,6.37500E+02,0.00000E+00
AvgSA,4.87500E-01,8.40806E-05,8.70000E+00,6.42500E+02,0.00000E+00
AvgSA,4.87500E-01,8.40806E-05,8.70000E+00,6.47500E+02,0.00000E+00
AvgSA,4.87500E-01,8.40806E-05,8.70000E+00,6.52500E+02,0.00000E+00
AvgSA,4.87500E-01,8.40806E-05,8.70000E+00,6.57500E+02,0.00000E+00
AvgSA,4.87500E-01,8.40806E-05,8.70000E+00,6.62500E+02,0.00000E+00
AvgSA,4.87500E-01,8.40806E-05,8.70000E+00,6.67500E+02,0.00000E+00
AvgSA,4.87500E-01,8.40806E-05,8.70000E+00,6.72500E+02,0.00000E+00
AvgSA,4.87500E-01,8.40806E-05,8.70000E+00,6.77500E+02,0.00000E+00
AvgSA,4.87500E-01,8.40806E-05,8.70000E+00,6.82500E+02,0.00000E+00
AvgSA,4.87500E-01,8.40806E-05,8.70000E+00,6.87500E+02,0.00000E+00
AvgSA,4.87500E-01,8.40806E-05,8.70000E+00,6.92500E+02,0.00000E+00
AvgSA,4.87500E-01,8.40806E-05,8.70000E+00,6.97500E+02,0.00000E+00
AvgSA,4.87500E-01,8.40806E-05,8.70000E+00,7.02500E+02,0.00000E+00
AvgSA,4.87500E-01,8.40806E-05,8.70000E+00,7.07500E+02,0.00000E+00
AvgSA,4.87500E-01,8.40806E-05,8.70000E+00,7.12500E+02,0.00000E+00
AvgSA,4.87500E-01,8.40806E-05,8.70000E+00,7.17500E+02,0.00000E+00
AvgSA,4.87500E-01,8.40806E-05,8.70000E+00,7.22500E+02,0.00000E+00
AvgSA,4.87500E-01,8.40806E-05,8.70000E+00,7.27500E+02,0.00000E+00
AvgSA,4.87500E-01,8.40806E-05,8.70000E+00,7.32500E+02,0.00000E+00
AvgSA,4.87500E-01,8.40806E-05,8.70000E+00,7.37500E+02,0.00000E+00
AvgSA,4.87500E-01,8.40806E-05,8.70000E+00,7.42500E+02,0.00000E+00
AvgSA,4.87500E-01,8.40806E-05,8.70000E+00,7.47500E+02,0.00000E+00
AvgSA,4.87500E-01,8.40806E-05,8.70000E+00,7.52500E+02,0.00000E+00
AvgSA,4.87500E-01,8.40806E-05,8.70000E+00,7.57500E+02,0.00000E+00
AvgSA,4.87500E-01,8.40806E-05,8.70000E+00,7.62500E+02,0.00000E+00
AvgSA,4.87500E-01,8.40806E-05,8.70000E+00,7.67500E+02,0.00000E+00
AvgSA,4.87500E-01,8.40806E-05,8.70000E+00,7.72500E+02,0.00000E+00
AvgSA,4.87500E-01,8.40806E-05,8.70000E+00,7.77500E+02,0.00000E+00
AvgSA,4.87500E-01,8.40806E-05,8.70000E+00,7.82500E+02,0.00000E+00
AvgSA,4.87500E-01,8.40806E-05,8.70000E+00,7.87500E+02,0.00000E+00
AvgSA,4.87500E-01,8.40806E-05,8.70000E+00,7.92500E+02,0.00000E+00
AvgSA,4.87500E-01,8.40806E-05,8.70000E+00,7.97500E+02,0.00000E+00
AvgSA,4.87500E-01,8.40806E-05,8.70000E+00,8.02500E+02,0.00000E+00
AvgSA,4.87500E-01,8.40806E-05,8.70000E+00,8.07500E+02,0.00000E+00
AvgSA,4.87500E-01,8.40806E-05,8.70000E+00,8.12500E+02,0.00000E+00
AvgSA,4.87500E-01,8.40806E-05,8.70000E+00,8.17500E+02,0.00000E+00
AvgSA,4.87500E-01,8.40806E-05,8.70000E+00,8.22500E+02,0.00000E+00
AvgSA,4.87500E-01,8.40806E-05,8.70000E+00,8.27500E+02,0.00000E+00
AvgSA,4.87500E-01,8.40806E-05,8.70000E+00,8.32500E+02,0.00000E+00
AvgSA,4.87500E-01,8.40806E-05,8.70000E+00,8.37500E+02,0.00000E+00
AvgSA,4.87500E-01,8.40806E-05,8.70000E+00,8.42500E+02,0.00000E+00
AvgSA,4.87500E-01,8.40806E-05,8.70000E+00,8.47500E+02,0.00000E+00
AvgSA,4.87500E-01,8.40806E-05,8.70000E+00,8.52500E+02,0.00000E+00
AvgSA,4.87500E-01,8.40806E-05,8.70000E+00,8.57500E+02,0.00000E+00
AvgSA,4.87500E-01,8.40806E-05,8.70000E+00,8.62500E+02,0.00000E+00
AvgSA,4.87500E-01,8.40806E-05,8.70000E+00,8.67500E+02,0.00000E+00
AvgSA,4.87500E-01,8.40806E-05,8.70000E+00,8.72500E+02,0.00000E+00
AvgSA,4.87500E-01,8.40806E-05,8.70000E+00,8.77500E+02,0.00000E+00
AvgSA,4.87500E-01,8.40806E-05,8.70000E+00,8.82500E+02,0.00000E+00
AvgSA,4.87500E-01,8.40806E-05,8.70000E+00,8.87500E+02,0.00000E+00
AvgSA,4.87500E-01,8.40806E-05,8.70000E+00,8.92500E+02,0.00000E+00
AvgSA,4.87500E-01,8.40806E-05,8.70000E+00,8.97500E+02,0.00000E+00
AvgSA,4.87500E-01,8.40806E-05,8.70000E+00,9.02500E+02,0.00000E+00
AvgSA,4.87500E-01,8.40806E-05,8.70000E+00,9.07500E+02,0.00000E+00
AvgSA,4.87500E-01,8.40806E-05,8.70000E+00,9.12500E+02,0.00000E+00
AvgSA,4.87500E-01,8.40806E-05,8.70000E+00,9.17500E+02,0.00000E+00
AvgSA,4.87500E-01,8.40806E-05,8.70000E+00,9.22500E+02,0.00000E+00
AvgSA,4.87500E-01,8.40806E-05,8.70000E+00,9.27500E+02,0.00000E+00
AvgSA,4.87500E-01,8.40806E-05,8.70000E+00,9.32500E+02,0.00000E+00
AvgSA,4.87500E-01,8.40806E-05,8.70000E+00,9.37500E+02,0.00000E+00
AvgSA,4.87500E-01,8.40806E-05,8.70000E+00,9.42500E+02,0.00000E+00
AvgSA,4.87500E-01,8.40806E-05,8.70000E+00,9.47500E+02,0.00000E+00
AvgSA,4.87500E-01,8.40806E-05,8.70000E+00,9.52500E+02,0.00000E+00
AvgSA,4.87500E-01,8.40806E-05,8.70000E+00,9.57500E+02,0.00000E+00
AvgSA,4.87500E-01,8.40806E-05,8.70000E+00,9.62500E+02,0.00000E+00
AvgSA,4.87500E-01,8.40806E-05,8.70000E+00,9.67500E+02,0.00000E+00
AvgSA,4.87500E-01,8.40806E-05,8.70000E+00,9.72500E+02,0.00000E+00
AvgSA,4.87500E-01,8.40806E-05,8.70000E+00,9.77500E+02,0.00000E+00
AvgSA,4.87500E-01,8.40806E-05,8.70000E+00,9.82500E+02,0.00000E+00
AvgSA,4.87500E-01,8.40806E-05,8.70000E+00,9.87500E+02,0.00000E+00
AvgSA,4.87500E-01,8.40806E-05,8.70000E+00,9.92500E+02,0.00000E+00
AvgSA,4.87500E-01,8.40806E-05,8.70000E+00,9.97500E+02,0.00000E+00
AvgSA,4.87500E-01,8.40806E-05,8.90000E+00,2.50000E+00,0.00000E+00
AvgSA,4.87500E-01,8.40806E-05,8.90000E+00,7.50000E+00,0.00000E+00
AvgSA,4.87500E-01,8.40806E-05,8.90000E+00,1.25000E+01,0.00000E+00
AvgSA,4.87500E-01,8.40806E-05,8.90000E+00,1.75000E+01,0.00000E+00
AvgSA,4.87500E-01,8.40806E-05,8.90000E+00,2.25000E+01,0.00000E+00
AvgSA,4.87500E-01,8.40806E-05,8.90000E+00,2.75000E+01,0.00000E+00
AvgSA,4.87500E-01,8.40806E-05,8.90000E+00,3.25000E+01,0.00000E+00
AvgSA,4.87500E-01,8.40806E-05,8.90000E+00,3.75000E+01,0.00000E+00
AvgSA,4.87500E-01,8.40806E-05,8.90000E+00,4.25000E+01,0.00000E+00
AvgSA,4.87500E-01,8.40806E-05,8.90000E+00,4.75000E+01,0.00000E+00
AvgSA,4.87500E-01,8.40806E-05,8.90000E+00,5.25000E+01,0.00000E+00
AvgSA,4.87500E-01,8.40806E-05,8.90000E+00,5.75000E+01,0.00000E+00
AvgSA,4.87500E-01,8.40806E-05,8.90000E+00,6.25000E+01,0.00000E+00
AvgSA,4.87500E-01,8.40806E-05,8.90000E+00,6.75000E+01,0.00000E+00
AvgSA,4.87500E-01,8.40806E-05,8.90000E+00,7.25000E+01,0.00000E+00
AvgSA,4.87500E-01,8.40806E-05,8.90000E+00,7.75000E+01,0.00000E+00
AvgSA,4.87500E-01,8.40806E-05,8.90000E+00,8.25000E+01,0.00000E+00
AvgSA,4.87500E-01,8.40806E-05,8.90000E+00,8.75000E+01,1.27746E-05
AvgSA,4.87500E-01,8.40806E-05,8.90000E+00,9.25000E+01,0.00000E+00
AvgSA,4.87500E-01,8.40806E-05,8.90000E+00,9.75000E+01,0.00000E+00
AvgSA,4.87500E-01,8.40806E-05,8.90000E+00,1.02500E+02,0.00000E+00
AvgSA,4.87500E-01,8.40806E-05,8.90000E+00,1.07500E+02,0.00000E+00
AvgSA,4.87500E-01,8.40806E-05,8.90000E+00,1.12500E+02,0.00000E+00
AvgSA,4.87500E-01,8.40806E-05,8.90000E+00,1.17500E+02,0.00000E+00
AvgSA,4.87500E-01,8.40806E-05,8.90000E+00,1.22500E+02,6.12643E-06
AvgSA,4.87500E-01,8.40806E-05,8.90000E+00,1.27500E+02,0.00000E+00
AvgSA,4.87500E-01,8.40806E-05,8.90000E+00,1.32500E+02,0.00000E+00
AvgSA,4.87500E-01,8.40806E-05,8.90000E+00,1.37500E+02,0.00000E+00
AvgSA,4.87500E-01,8.40806E-05,8.90000E+00,1.42500E+02,0.00000E+00
AvgSA,4.87500E-01,8.40806E-05,8.90000E+00,1.47500E+02,0.00000E+00
AvgSA,4.87500E-01,8.40806E-05,8.90000E+00,1.52500E+02,0.00000E+00
AvgSA,4.87500E-01,8.40806E-05,8.90000E+00,1.57500E+02,0.00000E+00
AvgSA,4.87500E-01,8.40806E-05,8.90000E+00,1.62500E+02,0.00000E+00
AvgSA,4.87500E-01,8.40806E-05,8.90000E+00,1.67500E+02,0.00000E+00
AvgSA,4.87500E-01,8.40806E-05,8.90000E+00,1.72500E+02,0.00000E+00
AvgSA,4.87500E-01,8.40806E-05,8.90000E+00,1.77500E+02,0.00000E+00
AvgSA,4.87500E-01,8.40806E-05,8.90000E+00,1.82500E+02,0.00000E+00
AvgSA,4.87500E-01,8.40806E-05,8.90000E+00,1.87500E+02,0.00000E+00
AvgSA,4.87500E-01,8.40806E-05,8.90000E+00,1.92500E+02,0.00000E+00
AvgSA,4.87500E-01,8.40806E-05,8.90000E+00,1.97500E+02,0.00000E+00
AvgSA,4.87500E-01,8.40806E-05,8.90000E+00,2.02500E+02,0.00000E+00
AvgSA,4.87500E-01,8.40806E-05,8.90000E+00,2.07500E+02,0.00000E+00
AvgSA,4.87500E-01,8.40806E-05,8.90000E+00,2.12500E+02,0.00000E+00
AvgSA,4.87500E-01,8.40806E-05,8.90000E+00,2.17500E+02,0.00000E+00
AvgSA,4.87500E-01,8.40806E-05,8.90000E+00,2.22500E+02,0.00000E+00
AvgSA,4.87500E-01,8.40806E-05,8.90000E+00,2.27500E+02,0.00000E+00
AvgSA,4.87500E-01,8.40806E-05,8.90000E+00,2.32500E+02,0.00000E+00
AvgSA,4.87500E-01,8.40806E-05,8.90000E+00,2.37500E+02,0.00000E+00
AvgSA,4.87500E-01,8.40806E-05,8.90000E+00,2.42500E+02,0.00000E+00
AvgSA,4.87500E-01,8.40806E-05,8.90000E+00,2.47500E+02,0.00000E+00
AvgSA,4.87500E-01,8.40806E-05,8.90000E+00,2.52500E+02,0.00000E+00
AvgSA,4.87500E-01,8.40806E-05,8.90000E+00,2.57500E+02,0.00000E+00
AvgSA,4.87500E-01,8.40806E-05,8.90000E+00,2.62500E+02,0.00000E+00
AvgSA,4.87500E-01,8.40806E-05,8.90000E+00,2.67500E+02,0.00000E+00
AvgSA,4.87500E-01,8.40806E-05,8.90000E+00,2.72500E+02,0.00000E+00
AvgSA,4.87500E-01,8.40806E-05,8.90000E+00,2.77500E+02,0.00000E+00
AvgSA,4.87500E-01,8.40806E-05,8.90000E+00,2.82500E+02,0.00000E+00
AvgSA,4.87500E-01,8.40806E-05,8.90000E+00,2.87500E+02,0.00000E+00
AvgSA,4.87500E-01,8.40806E-05,8.90000E+00,2.92500E+02,0.00000E+00
AvgSA,4.87500E-01,8.40806E-05,8.90000E+00,2.97500E+02,0.00000E+00
AvgSA,4.87500E-01,8.40806E-05,8.90000E+00,3.02500E+02,0.00000E+00
AvgSA,4.87500E-01,8.40806E-05,8.90000E+00,3.07500E+02,2.04742E-09
AvgSA,4.87500E-01,8.40806E-05,8.90000E+00,3.12500E+02,0.00000E+00
AvgSA,4.87500E-01,8.40806E-05,8.90000E+00,3.17500E+02,0.00000E+00
AvgSA,4.87500E-01,8.40806E-05,8.90000E+00,3.22500E+02,0.00000E+00
AvgSA,4.87500E-01,8.40806E-05,8.90000E+00,3.27500E+02,0.00000E+00
AvgSA,4.87500E-01,8.40806E-05,8.90000E+00,3.32500E+02,0.00000E+00
AvgSA,4.87500E-01,8.40806E-05,8.90000E+00,3.37500E+02,0.00000E+00
AvgSA,4.87500E-01,8.40806E-05,8.90000E+00,3.42500E+02,0.00000E+00
AvgSA,4.87500E-01,8.40806E-05,8.90000E+00,3.47500E+02,0.00000E+00
AvgSA,4.87500E-01,8.40806E-05,8.90000E+00,3.52500E+02,0.00000E+00
AvgSA,4.87500E-01,8.40806E-05,8.90000E+00,3.57500E+02,0.00000E+00
AvgSA,4.87500E-01,8.40806E-05,8.90000E+00,3.62500E+02,0.00000E+00
AvgSA,4.87500E-01,8.40806E-05,8.90000E+00,3.67500E+02,0.00000E+00
AvgSA,4.87500E-01,8.40806E-05,8.90000E+00,3.72500E+02,0.00000E+00
AvgSA,4.87500E-01,8.40806E-05,8.90000E+00,3.77500E+02,0.00000E+00
AvgSA,4.87500E-01,8.40806E-05,8.90000E+00,3.82500E+02,0.00000E+00
AvgSA,4.87500E-01,8.40806E-05,8.90000E+00,3.87500E+02,0.00000E+00
AvgSA,4.87500E-01,8.40806E-05,8.90000E+00,3.92500E+02,0.00000E+00
AvgSA,4.87500E-01,8.40806E-05,8.90000E+00,3.97500E+02,0.00000E+00
AvgSA,4.87500E-01,8.40806E-05,8.90000E+00,4.02500E+02,0.00000E+00
AvgSA,4.87500E-01,8.40806E-05,8.90000E+00,4.07500E+02,0.00000E+00
AvgSA,4.87500E-01,8.40806E-05,8.90000E+00,4.12500E+02,0.00000E+00
AvgSA,4.87500E-01,8.40806E-05,8.90000E+00,4.17500E+02,0.00000E+00
AvgSA,4.87500E-01,8.40806E-05,8.90000E+00,4.22500E+02,0.00000E+00
AvgSA,4.87500E-01,8.40806E-05,8.90000E+00,4.27500E+02,0.00000E+00
AvgSA,4.87500E-01,8.40806E-05,8.90000E+00,4.32500E+02,0.00000E+00
AvgSA,4.87500E-01,8.40806E-05,8.90000E+00,4.37500E+02,0.00000E+00
AvgSA,4.87500E-01,8.40806E-05,8.90000E+00,4.42500E+02,0.00000E+00
AvgSA,4.87500E-01,8.40806E-05,8.90000E+00,4.47500E+02,0.00000E+00
AvgSA,4.87500E-01,8.40806E-05,8.90000E+00,4.52500E+02,0.00000E+00
AvgSA,4.87500E-01,8.40806E-05,8.90000E+00,4.57500E+02,0.00000E+00
AvgSA,4.87500E-01,8.40806E-05,8.90000E+00,4.62500E+02,0.00000E+00
AvgSA,4.87500E-01,8.40806E-05,8.90000E+00,4.67500E+02,0.00000E+00
AvgSA,4.87500E-01,8.40806E-05,8.90000E+00,4.72500E+02,0.00000E+00
AvgSA,4.87500E-01,8.40806E-05,8.90000E+00,4.77500E+02,0.00000E+00
AvgSA,4.87500E-01,8.40806E-05,8.90000E+00,4.82500E+02,0.00000E+00
AvgSA,4.87500E-01,8.40806E-05,8.90000E+00,4.87500E+02,0.00000E+00
AvgSA,4.87500E-01,8.40806E-05,8.90000E+00,4.92500E+02,0.00000E+00
AvgSA,4.87500E-01,8.40806E-05,8.90000E+00,4.97500E+02,0.00000E+00
AvgSA,4.87500E-01,8.40806E-05,8.90000E+00,5.02500E+02,0.00000E+00
AvgSA,4.87500E-01,8.40806E-05,8.90000E+00,5.07500E+02,0.00000E+00
AvgSA,4.87500E-01,8.40806E-05,8.90000E+00,5.12500E+02,0.00000E+00
AvgSA,4.87500E-01,8.40806E-05,8.90000E+00,5.17500E+02,0.00000E+00
AvgSA,4.87500E-01,8.40806E-05,8.90000E+00,5.22500E+02,0.00000E+00
AvgSA,4.87500E-01,8.40806E-05,8.90000E+00,5.27500E+02,0.00000E+00
AvgSA,4.87500E-01,8.40806E-05,8.90000E+00,5.32500E+02,0.00000E+00
AvgSA,4.87500E-01,8.40806E-05,8.90000E+00,5.37500E+02,0.00000E+00
AvgSA,4.87500E-01,8.40806E-05,8.90000E+00,5.42500E+02,0.00000E+00
AvgSA,4.87500E-01,8.40806E-05,8.90000E+00,5.47500E+02,0.00000E+00
AvgSA,4.87500E-01,8.40806E-05,8.90000E+00,5.52500E+02,0.00000E+00
AvgSA,4.87500E-01,8.40806E-05,8.90000E+00,5.57500E+02,0.00000E+00
AvgSA,4.87500E-01,8.40806E-05,8.90000E+00,5.62500E+02,0.00000E+00
AvgSA,4.87500E-01,8.40806E-05,8.90000E+00,5.67500E+02,0.00000E+00
AvgSA,4.87500E-01,8.40806E-05,8.90000E+00,5.72500E+02,0.00000E+00
AvgSA,4.87500E-01,8.40806E-05,8.90000E+00,5.77500E+02,0.00000E+00
AvgSA,4.87500E-01,8.40806E-05,8.90000E+00,5.82500E+02,0.00000E+00
AvgSA,4.87500E-01,8.40806E-05,8.90000E+00,5.87500E+02,0.00000E+00
AvgSA,4.87500E-01,8.40806E-05,8.90000E+00,5.92500E+02,0.00000E+00
AvgSA,4.87500E-01,8.40806E-05,8.90000E+00,5.97500E+02,0.00000E+00
AvgSA,4.87500E-01,8.40806E-05,8.90000E+00,6.02500E+02,0.00000E+00
AvgSA,4.87500E-01,8.40806E-05,8.90000E+00,6.07500E+02,0.00000E+00
AvgSA,4.87500E-01,8.40806E-05,8.90000E+00,6.12500E+02,0.00000E+00
AvgSA,4.87500E-01,8.40806E-05,8.90000E+00,6.17500E+02,0.00000E+00
AvgSA,4.87500E-01,8.40806E-05,8.90000E+00,6.22500E+02,0.00000E+00
AvgSA,4.87500E-01,8.40806E-05,8.90000E+00,6.27500E+02,0.00000E+00
AvgSA,4.87500E-01,8.40806E-05,8.90000E+00,6.32500E+02,0.00000E+00
AvgSA,4.87500E-01,8.40806E-05,8.90000E+00,6.37500E+02,0.00000E+00
AvgSA,4.87500E-01,8.40806E-05,8.90000E+00,6.42500E+02,0.00000E+00
AvgSA,4.87500E-01,8.40806E-05,8.90000E+00,6.47500E+02,0.00000E+00
AvgSA,4.87500E-01,8.40806E-05,8.90000E+00,6.52500E+02,0.00000E+00
AvgSA,4.87500E-01,8.40806E-05,8.90000E+00,6.57500E+02,0.00000E+00
AvgSA,4.87500E-01,8.40806E-05,8.90000E+00,6.62500E+02,0.00000E+00
AvgSA,4.87500E-01,8.40806E-05,8.90000E+00,6.67500E+02,0.00000E+00
AvgSA,4.87500E-01,8.40806E-05,8.90000E+00,6.72500E+02,0.00000E+00
AvgSA,4.87500E-01,8.40806E-05,8.90000E+00,6.77500E+02,0.00000E+00
AvgSA,4.87500E-01,8.40806E-05,8.90000E+00,6.82500E+02,0.00000E+00
AvgSA,4.87500E-01,8.40806E-05,8.90000E+00,6.87500E+02,0.00000E+00
AvgSA,4.87500E-01,8.40806E-05,8.90000E+00,6.92500E+02,0.00000E+00
AvgSA,4.87500E-01,8.40806E-05,8.90000E+00,6.97500E+02,0.00000E+00
AvgSA,4.87500E-01,8.40806E-05,8.90000E+00,7.02500E+02,0.00000E+00
AvgSA,4.87500E-01,8.40806E-05,8.90000E+00,7.07500E+02,0.00000E+00
AvgSA,4.87500E-01,8.40806E-05,8.90000E+00,7.12500E+02,0.00000E+00
AvgSA,4.87500E-01,8.40806E-05,8.90000E+00,7.17500E+02,0.00000E+00
AvgSA,4.87500E-01,8.40806E-05,8.90000E+00,7.22500E+02,0.00000E+00
AvgSA,4.87500E-01,8.40806E-05,8.90000E+00,7.27500E+02,0.00000E+00
AvgSA,4.87500E-01,8.40806E-05,8.90000E+00,7.32500E+02,0.00000E+00
AvgSA,4.87500E-01,8.40806E-05,8.90000E+00,7.37500E+02,0.00000E+00
AvgSA,4.87500E-01,8.40806E-05,8.90000E+00,7.42500E+02,0.00000E+00
AvgSA,4.87500E-01,8.40806E-05,8.90000E+00,7.47500E+02,0.00000E+00
AvgSA,4.87500E-01,8.40806E-05,8.90000E+00,7.52500E+02,0.00000E+00
AvgSA,4.87500E-01,8.40806E-05,8.90000E+00,7.57500E+02,0.00000E+00
AvgSA,4.87500E-01,8.40806E-05,8.90000E+00,7.62500E+02,0.00000E+00
AvgSA,4.87500E-01,8.40806E-05,8.90000E+00,7.67500E+02,0.00000E+00
AvgSA,4.87500E-01,8.40806E-05,8.90000E+00,7.72500E+02,0.00000E+00
AvgSA,4.87500E-01,8.40806E-05,8.90000E+00,7.77500E+02,0.00000E+00
AvgSA,4.87500E-01,8.40806E-05,8.90000E+00,7.82500E+02,0.00000E+00
AvgSA,4.87500E-01,8.40806E-05,8.90000E+00,7.87500E+02,0.00000E+00
AvgSA,4.87500E-01,8.40806E-05,8.90000E+00,7.92500E+02,0.00000E+00
AvgSA,4.87500E-01,8.40806E-05,8.90000E+00,7.97500E+02,0.00000E+00
AvgSA,4.87500E-01,8.40806E-05,8.90000E+00,8.02500E+02,0.00000E+00
AvgSA,4.87500E-01,8.40806E-05,8.90000E+00,8.07500E+02,0.00000E+00
AvgSA,4.87500E-01,8.40806E-05,8.90000E+00,8.12500E+02,0.00000E+00
AvgSA,4.87500E-01,8.40806E-05,8.90000E+00,8.17500E+02,0.00000E+00
AvgSA,4.87500E-01,8.40806E-05,8.90000E+00,8.22500E+02,0.00000E+00
AvgSA,4.87500E-01,8.40806E-05,8.90000E+00,8.27500E+02,0.00000E+00
AvgSA,4.87500E-01,8.40806E-05,8.90000E+00,8.32500E+02,0.00000E+00
AvgSA,4.87500E-01,8.40806E-05,8.90000E+00,8.37500E+02,0.00000E+00
AvgSA,4.87500E-01,8.40806E-05,8.90000E+00,8.42500E+02,0.00000E+00
AvgSA,4.87500E-01,8.40806E-05,8.90000E+00,8.47500E+02,0.00000E+00
AvgSA,4.87500E-01,8.40806E-05,8.90000E+00,8.52500E+02,0.00000E+00
AvgSA,4.87500E-01,8.40806E-05,8.90000E+00,8.57500E+02,0.00000E+00
AvgSA,4.87500E-01,8.40806E-05,8.90000E+00,8.62500E+02,0.00000E+00
AvgSA,4.87500E-01,8.40806E-05,8.90000E+00,8.67500E+02,0.00000E+00
AvgSA,4.87500E-01,8.40806E-05,8.90000E+00,8.72500E+02,0.00000E+00
AvgSA,4.87500E-01,8.40806E-05,8.90000E+00,8.77500E+02,0.00000E+00
AvgSA,4.87500E-01,8.40806E-05,8.90000E+00,8.82500E+02,0.00000E+00
AvgSA,4.87500E-01,8.40806E-05,8.90000E+00,8.87500E+02,0.00000E+00
AvgSA,4.87500E-01,8.40806E-05,8.90000E+00,8.92500E+02,0.00000E+00
AvgSA,4.87500E-01,8.40806E-05,8.90000E+00,8.97500E+02,0.00000E+00
AvgSA,4.87500E-01,8.40806E-05,8.90000E+00,9.02500E+02,0.00000E+00
AvgSA,4.87500E-01,8.40806E-05,8.90000E+00,9.07500E+02,0.00000E+00
AvgSA,4.87500E-01,8.40806E-05,8.90000E+00,9.12500E+02,0.00000E+00
AvgSA,4.87500E-01,8.40806E-05,8.90000E+00,9.17500E+02,0.00000E+00
AvgSA,4.87500E-01,8.40806E-05,8.90000E+00,9.22500E+02,0.00000E+00
AvgSA,4.87500E-01,8.40806E-05,8.90000E+00,9.27500E+02,0.00000E+00
AvgSA,4.87500E-01,8.40806E-05,8.90000E+00,9.32500E+02,0.00000E+00
AvgSA,4.87500E-01,8.40806E-05,8.90000E+00,9.37500E+02,0.00000E+00
AvgSA,4.87500E-01,8.40806E-05,8.90000E+00,9.42500E+02,0.00000E+00
AvgSA,4.87500E-01,8.40806E-05,8.90000E+00,9.47500E+02,0.00000E+00
AvgSA,4.87500E-01,8.40806E-05,8.90000E+00,9.52500E+02,0.00000E+00
AvgSA,4.87500E-01,8.40806E-05,8.90000E+00,9.57500E+02,0.00000E+00
AvgSA,4.87500E-01,8.40806E-05,8.90000E+00,9.62500E+02,0.00000E+00
AvgSA,4.87500E-01,8.40806E-05,8.90000E+00,9.67500E+02,0.00000E+00
AvgSA,4.87500E-01,8.40806E-05,8.90000E+00,9.72500E+02,0.00000E+00
AvgSA,4.87500E-01,8.40806E-05,8.90000E+00,9.77500E+02,0.00000E+00
AvgSA,4.87500E-01,8.40806E-05,8.90000E+00,9.82500E+02,0.00000E+00
AvgSA,4.87500E-01,8.40806E-05,8.90000E+00,9.87500E+02,0.00000E+00
AvgSA,4.87500E-01,8.40806E-05,8.90000E+00,9.92500E+02,0.00000E+00
AvgSA,4.87500E-01,8.40806E-05,8.90000E+00,9.97500E+02,0.00000E+00
AvgSA,4.87500E-01,8.40806E-05,9.10000E+00,2.50000E+00,0.00000E+00
AvgSA,4.87500E-01,8.40806E-05,9.10000E+00,7.50000E+00,0.00000E+00
AvgSA,4.87500E-01,8.40806E-05,9.10000E+00,1.25000E+01,0.00000E+00
AvgSA,4.87500E-01,8.40806E-05,9.10000E+00,1.75000E+01,0.00000E+00
AvgSA,4.87500E-01,8.40806E-05,9.10000E+00,2.25000E+01,0.00000E+00
AvgSA,4.87500E-01,8.40806E-05,9.10000E+00,2.75000E+01,0.00000E+00
AvgSA,4.87500E-01,8.40806E-05,9.10000E+00,3.25000E+01,0.00000E+00
AvgSA,4.87500E-01,8.40806E-05,9.10000E+00,3.75000E+01,0.00000E+00
AvgSA,4.87500E-01,8.40806E-05,9.10000E+00,4.25000E+01,0.00000E+00
AvgSA,4.87500E-01,8.40806E-05,9.10000E+00,4.75000E+01,0.00000E+00
AvgSA,4.87500E-01,8.40806E-05,9.10000E+00,5.25000E+01,0.00000E+00
AvgSA,4.87500E-01,8.40806E-05,9.10000E+00,5.75000E+01,0.00000E+00
AvgSA,4.87500E-01,8.40806E-05,9.10000E+00,6.25000E+01,0.00000E+00
AvgSA,4.87500E-01,8.40806E-05,9.10000E+00,6.75000E+01,0.00000E+00
AvgSA,4.87500E-01,8.40806E-05,9.10000E+00,7.25000E+01,0.00000E+00
AvgSA,4.87500E-01,8.40806E-05,9.10000E+00,7.75000E+01,0.00000E+00
AvgSA,4.87500E-01,8.40806E-05,9.10000E+00,8.25000E+01,0.00000E+00
AvgSA,4.87500E-01,8.40806E-05,9.10000E+00,8.75000E+01,1.60676E-05
AvgSA,4.87500E-01,8.40806E-05,9.10000E+00,9.25000E+01,0.00000E+00
AvgSA,4.87500E-01,8.40806E-05,9.10000E+00,9.75000E+01,0.00000E+00
AvgSA,4.87500E-01,8.40806E-05,9.10000E+00,1.02500E+02,0.00000E+00
AvgSA,4.87500E-01,8.40806E-05,9.10000E+00,1.07500E+02,0.00000E+00
AvgSA,4.87500E-01,8.40806E-05,9.10000E+00,1.12500E+02,0.00000E+00
AvgSA,4.87500E-01,8.40806E-05,9.10000E+00,1.17500E+02,0.00000E+00
AvgSA,4.87500E-01,8.40806E-05,9.10000E+00,1.22500E+02,1.27310E-05
AvgSA,4.87500E-01,8.40806E-05,9.10000E+00,1.27500E+02,0.00000E+00
AvgSA,4.87500E-01,8.40806E-05,9.10000E+00,1.32500E+02,0.00000E+00
AvgSA,4.87500E-01,8.40806E-05,9.10000E+00,1.37500E+02,0.00000E+00
AvgSA,4.87500E-01,8.40806E-05,9.10000E+00,1.42500E+02,0.00000E+00
AvgSA,4.87500E-01,8.40806E-05,9.10000E+00,1.47500E+02,0.00000E+00
AvgSA,4.87500E-01,8.40806E-05,9.10000E+00,1.52500E+02,1.64558E-06
AvgSA,4.87500E-01,8.40806E-05,9.10000E+00,1.57500E+02,0.00000E+00
AvgSA,4.87500E-01,8.40806E-05,9.10000E+00,1.62500E+02,0.00000E+00
AvgSA,4.87500E-01,8.40806E-05,9.10000E+00,1.67500E+02,9.67672E-08
AvgSA,4.87500E-01,8.40806E-05,9.10000E+00,1.72500E+02,0.00000E+00
AvgSA,4.87500E-01,8.40806E-05,9.10000E+00,1.77500E+02,0.00000E+00
AvgSA,4.87500E-01,8.40806E-05,9.10000E+00,1.82500E+02,0.00000E+00
AvgSA,4.87500E-01,8.40806E-05,9.10000E+00,1.87500E+02,0.00000E+00
AvgSA,4.87500E-01,8.40806E-05,9.10000E+00,1.92500E+02,0.00000E+00
AvgSA,4.87500E-01,8.40806E-05,9.10000E+00,1.97500E+02,0.00000E+00
AvgSA,4.87500E-01,8.40806E-05,9.10000E+00,2.02500E+02,0.00000E+00
AvgSA,4.87500E-01,8.40806E-05,9.10000E+00,2.07500E+02,0.00000E+00
AvgSA,4.87500E-01,8.40806E-05,9.10000E+00,2.12500E+02,0.00000E+00
AvgSA,4.87500E-01,8.40806E-05,9.10000E+00,2.17500E+02,0.00000E+00
AvgSA,4.87500E-01,8.40806E-05,9.10000E+00,2.22500E+02,0.00000E+00
AvgSA,4.87500E-01,8.40806E-05,9.10000E+00,2.27500E+02,0.00000E+00
AvgSA,4.87500E-01,8.40806E-05,9.10000E+00,2.32500E+02,0.00000E+00
AvgSA,4.87500E-01,8.40806E-05,9.10000E+00,2.37500E+02,0.00000E+00
AvgSA,4.87500E-01,8.40806E-05,9.10000E+00,2.42500E+02,0.00000E+00
AvgSA,4.87500E-01,8.40806E-05,9.10000E+00,2.47500E+02,0.00000E+00
AvgSA,4.87500E-01,8.40806E-05,9.10000E+00,2.52500E+02,0.00000E+00
AvgSA,4.87500E-01,8.40806E-05,9.10000E+00,2.57500E+02,0.00000E+00
AvgSA,4.87500E-01,8.40806E-05,9.10000E+00,2.62500E+02,0.00000E+00
AvgSA,4.87500E-01,8.40806E-05,9.10000E+00,2.67500E+02,0.00000E+00
AvgSA,4.87500E-01,8.40806E-05,9.10000E+00,2.72500E+02,0.00000E+00
AvgSA,4.87500E-01,8.40806E-05,9.10000E+00,2.77500E+02,0.00000E+00
AvgSA,4.87500E-01,8.40806E-05,9.10000E+00,2.82500E+02,0.00000E+00
AvgSA,4.87500E-01,8.40806E-05,9.10000E+00,2.87500E+02,0.00000E+00
AvgSA,4.87500E-01,8.40806E-05,9.10000E+00,2.92500E+02,0.00000E+00
AvgSA,4.87500E-01,8.40806E-05,9.10000E+00,2.97500E+02,0.00000E+00
AvgSA,4.87500E-01,8.40806E-05,9.10000E+00,3.02500E+02,0.00000E+00
AvgSA,4.87500E-01,8.40806E-05,9.10000E+00,3.07500E+02,0.00000E+00
AvgSA,4.87500E-01,8.40806E-05,9.10000E+00,3.12500E+02,0.00000E+00
AvgSA,4.87500E-01,8.40806E-05,9.10000E+00,3.17500E+02,0.00000E+00
AvgSA,4.87500E-01,8.40806E-05,9.10000E+00,3.22500E+02,0.00000E+00
AvgSA,4.87500E-01,8.40806E-05,9.10000E+00,3.27500E+02,0.00000E+00
AvgSA,4.87500E-01,8.40806E-05,9.10000E+00,3.32500E+02,0.00000E+00
AvgSA,4.87500E-01,8.40806E-05,9.10000E+00,3.37500E+02,0.00000E+00
AvgSA,4.87500E-01,8.40806E-05,9.10000E+00,3.42500E+02,0.00000E+00
AvgSA,4.87500E-01,8.40806E-05,9.10000E+00,3.47500E+02,0.00000E+00
AvgSA,4.87500E-01,8.40806E-05,9.10000E+00,3.52500E+02,0.00000E+00
AvgSA,4.87500E-01,8.40806E-05,9.10000E+00,3.57500E+02,0.00000E+00
AvgSA,4.87500E-01,8.40806E-05,9.10000E+00,3.62500E+02,0.00000E+00
AvgSA,4.87500E-01,8.40806E-05,9.10000E+00,3.67500E+02,0.00000E+00
AvgSA,4.87500E-01,8.40806E-05,9.10000E+00,3.72500E+02,0.00000E+00
AvgSA,4.87500E-01,8.40806E-05,9.10000E+00,3.77500E+02,0.00000E+00
AvgSA,4.87500E-01,8.40806E-05,9.10000E+00,3.82500E+02,0.00000E+00
AvgSA,4.87500E-01,8.40806E-05,9.10000E+00,3.87500E+02,0.00000E+00
AvgSA,4.87500E-01,8.40806E-05,9.10000E+00,3.92500E+02,0.00000E+00
AvgSA,4.87500E-01,8.40806E-05,9.10000E+00,3.97500E+02,0.00000E+00
AvgSA,4.87500E-01,8.40806E-05,9.10000E+00,4.02500E+02,0.00000E+00
AvgSA,4.87500E-01,8.40806E-05,9.10000E+00,4.07500E+02,0.00000E+00
AvgSA,4.87500E-01,8.40806E-05,9.10000E+00,4.12500E+02,0.00000E+00
AvgSA,4.87500E-01,8.40806E-05,9.10000E+00,4.17500E+02,0.00000E+00
AvgSA,4.87500E-01,8.40806E-05,9.10000E+00,4.22500E+02,0.00000E+00
AvgSA,4.87500E-01,8.40806E-05,9.10000E+00,4.27500E+02,0.00000E+00
AvgSA,4.87500E-01,8.40806E-05,9.10000E+00,4.32500E+02,0.00000E+00
AvgSA,4.87500E-01,8.40806E-05,9.10000E+00,4.37500E+02,0.00000E+00
AvgSA,4.87500E-01,8.40806E-05,9.10000E+00,4.42500E+02,0.00000E+00
AvgSA,4.87500E-01,8.40806E-05,9.10000E+00,4.47500E+02,0.00000E+00
AvgSA,4.87500E-01,8.40806E-05,9.10000E+00,4.52500E+02,0.00000E+00
AvgSA,4.87500E-01,8.40806E-05,9.10000E+00,4.57500E+02,0.00000E+00
AvgSA,4.87500E-01,8.40806E-05,9.10000E+00,4.62500E+02,0.00000E+00
AvgSA,4.87500E-01,8.40806E-05,9.10000E+00,4.67500E+02,0.00000E+00
AvgSA,4.87500E-01,8.40806E-05,9.10000E+00,4.72500E+02,0.00000E+00
AvgSA,4.87500E-01,8.40806E-05,9.10000E+00,4.77500E+02,0.00000E+00
AvgSA,4.87500E-01,8.40806E-05,9.10000E+00,4.82500E+02,0.00000E+00
AvgSA,4.87500E-01,8.40806E-05,9.10000E+00,4.87500E+02,0.00000E+00
AvgSA,4.87500E-01,8.40806E-05,9.10000E+00,4.92500E+02,0.00000E+00
AvgSA,4.87500E-01,8.40806E-05,9.10000E+00,4.97500E+02,0.00000E+00
AvgSA,4.87500E-01,8.40806E-05,9.10000E+00,5.02500E+02,0.00000E+00
AvgSA,4.87500E-01,8.40806E-05,9.10000E+00,5.07500E+02,0.00000E+00
AvgSA,4.87500E-01,8.40806E-05,9.10000E+00,5.12500E+02,0.00000E+00
AvgSA,4.87500E-01,8.40806E-05,9.10000E+00,5.17500E+02,0.00000E+00
AvgSA,4.87500E-01,8.40806E-05,9.10000E+00,5.22500E+02,0.00000E+00
AvgSA,4.87500E-01,8.40806E-05,9.10000E+00,5.27500E+02,0.00000E+00
AvgSA,4.87500E-01,8.40806E-05,9.10000E+00,5.32500E+02,0.00000E+00
AvgSA,4.87500E-01,8.40806E-05,9.10000E+00,5.37500E+02,0.00000E+00
AvgSA,4.87500E-01,8.40806E-05,9.10000E+00,5.42500E+02,0.00000E+00
AvgSA,4.87500E-01,8.40806E-05,9.10000E+00,5.47500E+02,0.00000E+00
AvgSA,4.87500E-01,8.40806E-05,9.10000E+00,5.52500E+02,0.00000E+00
AvgSA,4.87500E-01,8.40806E-05,9.10000E+00,5.57500E+02,0.00000E+00
AvgSA,4.87500E-01,8.40806E-05,9.10000E+00,5.62500E+02,0.00000E+00
AvgSA,4.87500E-01,8.40806E-05,9.10000E+00,5.67500E+02,0.00000E+00
AvgSA,4.87500E-01,8.40806E-05,9.10000E+00,5.72500E+02,0.00000E+00
AvgSA,4.87500E-01,8.40806E-05,9.10000E+00,5.77500E+02,0.00000E+00
AvgSA,4.87500E-01,8.40806E-05,9.10000E+00,5.82500E+02,0.00000E+00
AvgSA,4.87500E-01,8.40806E-05,9.10000E+00,5.87500E+02,0.00000E+00
AvgSA,4.87500E-01,8.40806E-05,9.10000E+00,5.92500E+02,0.00000E+00
AvgSA,4.87500E-01,8.40806E-05,9.10000E+00,5.97500E+02,0.00000E+00
AvgSA,4.87500E-01,8.40806E-05,9.10000E+00,6.02500E+02,0.00000E+00
AvgSA,4.87500E-01,8.40806E-05,9.10000E+00,6.07500E+02,0.00000E+00
AvgSA,4.87500E-01,8.40806E-05,9.10000E+00,6.12500E+02,0.00000E+00
AvgSA,4.87500E-01,8.40806E-05,9.10000E+00,6.17500E+02,0.00000E+00
AvgSA,4.87500E-01,8.40806E-05,9.10000E+00,6.22500E+02,0.00000E+00
AvgSA,4.87500E-01,8.40806E-05,9.10000E+00,6.27500E+02,0.00000E+00
AvgSA,4.87500E-01,8.40806E-05,9.10000E+00,6.32500E+02,0.00000E+00
AvgSA,4.87500E-01,8.40806E-05,9.10000E+00,6.37500E+02,0.00000E+00
AvgSA,4.87500E-01,8.40806E-05,9.10000E+00,6.42500E+02,0.00000E+00
AvgSA,4.87500E-01,8.40806E-05,9.10000E+00,6.47500E+02,0.00000E+00
AvgSA,4.87500E-01,8.40806E-05,9.10000E+00,6.52500E+02,0.00000E+00
AvgSA,4.87500E-01,8.40806E-05,9.10000E+00,6.57500E+02,0.00000E+00
AvgSA,4.87500E-01,8.40806E-05,9.10000E+00,6.62500E+02,0.00000E+00
AvgSA,4.87500E-01,8.40806E-05,9.10000E+00,6.67500E+02,0.00000E+00
AvgSA,4.87500E-01,8.40806E-05,9.10000E+00,6.72500E+02,0.00000E+00
AvgSA,4.87500E-01,8.40806E-05,9.10000E+00,6.77500E+02,0.00000E+00
AvgSA,4.87500E-01,8.40806E-05,9.10000E+00,6.82500E+02,0.00000E+00
AvgSA,4.87500E-01,8.40806E-05,9.10000E+00,6.87500E+02,0.00000E+00
AvgSA,4.87500E-01,8.40806E-05,9.10000E+00,6.92500E+02,0.00000E+00
AvgSA,4.87500E-01,8.40806E-05,9.10000E+00,6.97500E+02,0.00000E+00
AvgSA,4.87500E-01,8.40806E-05,9.10000E+00,7.02500E+02,0.00000E+00
AvgSA,4.87500E-01,8.40806E-05,9.10000E+00,7.07500E+02,0.00000E+00
AvgSA,4.87500E-01,8.40806E-05,9.10000E+00,7.12500E+02,0.00000E+00
AvgSA,4.87500E-01,8.40806E-05,9.10000E+00,7.17500E+02,0.00000E+00
AvgSA,4.87500E-01,8.40806E-05,9.10000E+00,7.22500E+02,0.00000E+00
AvgSA,4.87500E-01,8.40806E-05,9.10000E+00,7.27500E+02,0.00000E+00
AvgSA,4.87500E-01,8.40806E-05,9.10000E+00,7.32500E+02,0.00000E+00
AvgSA,4.87500E-01,8.40806E-05,9.10000E+00,7.37500E+02,0.00000E+00
AvgSA,4.87500E-01,8.40806E-05,9.10000E+00,7.42500E+02,0.00000E+00
AvgSA,4.87500E-01,8.40806E-05,9.10000E+00,7.47500E+02,0.00000E+00
AvgSA,4.87500E-01,8.40806E-05,9.10000E+00,7.52500E+02,0.00000E+00
AvgSA,4.87500E-01,8.40806E-05,9.10000E+00,7.57500E+02,0.00000E+00
AvgSA,4.87500E-01,8.40806E-05,9.10000E+00,7.62500E+02,0.00000E+00
AvgSA,4.87500E-01,8.40806E-05,9.10000E+00,7.67500E+02,0.00000E+00
AvgSA,4.87500E-01,8.40806E-05,9.10000E+00,7.72500E+02,0.00000E+00
AvgSA,4.87500E-01,8.40806E-05,9.10000E+00,7.77500E+02,0.00000E+00
AvgSA,4.87500E-01,8.40806E-05,9.10000E+00,7.82500E+02,0.00000E+00
AvgSA,4.87500E-01,8.40806E-05,9.10000E+00,7.87500E+02,0.00000E+00
AvgSA,4.87500E-01,8.40806E-05,9.10000E+00,7.92500E+02,0.00000E+00
AvgSA,4.87500E-01,8.40806E-05,9.10000E+00,7.97500E+02,0.00000E+00
AvgSA,4.87500E-01,8.40806E-05,9.10000E+00,8.02500E+02,0.00000E+00
AvgSA,4.87500E-01,8.40806E-05,9.10000E+00,8.07500E+02,0.00000E+00
AvgSA,4.87500E-01,8.40806E-05,9.10000E+00,8.12500E+02,0.00000E+00
AvgSA,4.87500E-01,8.40806E-05,9.10000E+00,8.17500E+02,0.00000E+00
AvgSA,4.87500E-01,8.40806E-05,9.10000E+00,8.22500E+02,0.00000E+00
AvgSA,4.87500E-01,8.40806E-05,9.10000E+00,8.27500E+02,0.00000E+00
AvgSA,4.87500E-01,8.40806E-05,9.10000E+00,8.32500E+02,0.00000E+00
AvgSA,4.87500E-01,8.40806E-05,9.10000E+00,8.37500E+02,0.00000E+00
AvgSA,4.87500E-01,8.40806E-05,9.10000E+00,8.42500E+02,0.00000E+00
AvgSA,4.87500E-01,8.40806E-05,9.10000E+00,8.47500E+02,0.00000E+00
AvgSA,4.87500E-01,8.40806E-05,9.10000E+00,8.52500E+02,0.00000E+00
AvgSA,4.87500E-01,8.40806E-05,9.10000E+00,8.57500E+02,0.00000E+00
AvgSA,4.87500E-01,8.40806E-05,9.10000E+00,8.62500E+02,0.00000E+00
AvgSA,4.87500E-01,8.40806E-05,9.10000E+00,8.67500E+02,0.00000E+00
AvgSA,4.87500E-01,8.40806E-05,9.10000E+00,8.72500E+02,0.00000E+00
AvgSA,4.87500E-01,8.40806E-05,9.10000E+00,8.77500E+02,0.00000E+00
AvgSA,4.87500E-01,8.40806E-05,9.10000E+00,8.82500E+02,0.00000E+00
AvgSA,4.87500E-01,8.40806E-05,9.10000E+00,8.87500E+02,0.00000E+00
AvgSA,4.87500E-01,8.40806E-05,9.10000E+00,8.92500E+02,0.00000E+00
AvgSA,4.87500E-01,8.40806E-05,9.10000E+00,8.97500E+02,0.00000E+00
AvgSA,4.87500E-01,8.40806E-05,9.10000E+00,9.02500E+02,0.00000E+00
AvgSA,4.87500E-01,8.40806E-05,9.10000E+00,9.07500E+02,0.00000E+00
AvgSA,4.87500E-01,8.40806E-05,9.10000E+00,9.12500E+02,0.00000E+00
AvgSA,4.87500E-01,8.40806E-05,9.10000E+00,9.17500E+02,0.00000E+00
AvgSA,4.87500E-01,8.40806E-05,9.10000E+00,9.22500E+02,0.00000E+00
AvgSA,4.87500E-01,8.40806E-05,9.10000E+00,9.27500E+02,0.00000E+00
AvgSA,4.87500E-01,8.40806E-05,9.10000E+00,9.32500E+02,0.00000E+00
AvgSA,4.87500E-01,8.40806E-05,9.10000E+00,9.37500E+02,0.00000E+00
AvgSA,4.87500E-01,8.40806E-05,9.10000E+00,9.42500E+02,0.00000E+00
AvgSA,4.87500E-01,8.40806E-05,9.10000E+00,9.47500E+02,0.00000E+00
AvgSA,4.87500E-01,8.40806E-05,9.10000E+00,9.52500E+02,0.00000E+00
AvgSA,4.87500E-01,8.40806E-05,9.10000E+00,9.57500E+02,0.00000E+00
AvgSA,4.87500E-01,8.40806E-05,9.10000E+00,9.62500E+02,0.00000E+00
AvgSA,4.87500E-01,8.40806E-05,9.10000E+00,9.67500E+02,0.00000E+00
AvgSA,4.87500E-01,8.40806E-05,9.10000E+00,9.72500E+02,0.00000E+00
AvgSA,4.87500E-01,8.40806E-05,9.10000E+00,9.77500E+02,0.00000E+00
AvgSA,4.87500E-01,8.40806E-05,9.10000E+00,9.82500E+02,0.00000E+00
AvgSA,4.87500E-01,8.40806E-05,9.10000E+00,9.87500E+02,0.00000E+00
AvgSA,4.87500E-01,8.40806E-05,9.10000E+00,9.92500E+02,0.00000E+00
AvgSA,4.87500E-01,8.40806E-05,9.10000E+00,9.97500E+02,0.00000E+00
AvgSA,4.87500E-01,8.40806E-05,9.30000E+00,2.50000E+00,0.00000E+00
AvgSA,4.87500E-01,8.40806E-05,9.30000E+00,7.50000E+00,0.00000E+00
AvgSA,4.87500E-01,8.40806E-05,9.30000E+00,1.25000E+01,0.00000E+00
AvgSA,4.87500E-01,8.40806E-05,9.30000E+00,1.75000E+01,0.00000E+00
AvgSA,4.87500E-01,8.40806E-05,9.30000E+00,2.25000E+01,0.00000E+00
AvgSA,4.87500E-01,8.40806E-05,9.30000E+00,2.75000E+01,0.00000E+00
AvgSA,4.87500E-01,8.40806E-05,9.30000E+00,3.25000E+01,0.00000E+00
AvgSA,4.87500E-01,8.40806E-05,9.30000E+00,3.75000E+01,0.00000E+00
AvgSA,4.87500E-01,8.40806E-05,9.30000E+00,4.25000E+01,0.00000E+00
AvgSA,4.87500E-01,8.40806E-05,9.30000E+00,4.75000E+01,0.00000E+00
AvgSA,4.87500E-01,8.40806E-05,9.30000E+00,5.25000E+01,0.00000E+00
AvgSA,4.87500E-01,8.40806E-05,9.30000E+00,5.75000E+01,0.00000E+00
AvgSA,4.87500E-01,8.40806E-05,9.30000E+00,6.25000E+01,0.00000E+00
AvgSA,4.87500E-01,8.40806E-05,9.30000E+00,6.75000E+01,0.00000E+00
AvgSA,4.87500E-01,8.40806E-05,9.30000E+00,7.25000E+01,0.00000E+00
AvgSA,4.87500E-01,8.40806E-05,9.30000E+00,7.75000E+01,0.00000E+00
AvgSA,4.87500E-01,8.40806E-05,9.30000E+00,8.25000E+01,0.00000E+00
AvgSA,4.87500E-01,8.40806E-05,9.30000E+00,8.75000E+01,2.66361E-05
AvgSA,4.87500E-01,8.40806E-05,9.30000E+00,9.25000E+01,0.00000E+00
AvgSA,4.87500E-01,8.40806E-05,9.30000E+00,9.75000E+01,0.00000E+00
AvgSA,4.87500E-01,8.40806E-05,9.30000E+00,1.02500E+02,0.00000E+00
AvgSA,4.87500E-01,8.40806E-05,9.30000E+00,1.07500E+02,0.00000E+00
AvgSA,4.87500E-01,8.40806E-05,9.30000E+00,1.12500E+02,0.00000E+00
AvgSA,4.87500E-01,8.40806E-05,9.30000E+00,1.17500E+02,0.00000E+00
AvgSA,4.87500E-01,8.40806E-05,9.30000E+00,1.22500E+02,0.00000E+00
AvgSA,4.87500E-01,8.40806E-05,9.30000E+00,1.27500E+02,0.00000E+00
AvgSA,4.87500E-01,8.40806E-05,9.30000E+00,1.32500E+02,0.00000E+00
AvgSA,4.87500E-01,8.40806E-05,9.30000E+00,1.37500E+02,0.00000E+00
AvgSA,4.87500E-01,8.40806E-05,9.30000E+00,1.42500E+02,0.00000E+00
AvgSA,4.87500E-01,8.40806E-05,9.30000E+00,1.47500E+02,0.00000E+00
AvgSA,4.87500E-01,8.40806E-05,9.30000E+00,1.52500E+02,0.00000E+00
AvgSA,4.87500E-01,8.40806E-05,9.30000E+00,1.57500E+02,0.00000E+00
AvgSA,4.87500E-01,8.40806E-05,9.30000E+00,1.62500E+02,0.00000E+00
AvgSA,4.87500E-01,8.40806E-05,9.30000E+00,1.67500E+02,0.00000E+00
AvgSA,4.87500E-01,8.40806E-05,9.30000E+00,1.72500E+02,0.00000E+00
AvgSA,4.87500E-01,8.40806E-05,9.30000E+00,1.77500E+02,0.00000E+00
AvgSA,4.87500E-01,8.40806E-05,9.30000E+00,1.82500E+02,0.00000E+00
AvgSA,4.87500E-01,8.40806E-05,9.30000E+00,1.87500E+02,0.00000E+00
AvgSA,4.87500E-01,8.40806E-05,9.30000E+00,1.92500E+02,0.00000E+00
AvgSA,4.87500E-01,8.40806E-05,9.30000E+00,1.97500E+02,0.00000E+00
AvgSA,4.87500E-01,8.40806E-05,9.30000E+00,2.02500E+02,0.00000E+00
AvgSA,4.87500E-01,8.40806E-05,9.30000E+00,2.07500E+02,0.00000E+00
AvgSA,4.87500E-01,8.40806E-05,9.30000E+00,2.12500E+02,0.00000E+00
AvgSA,4.87500E-01,8.40806E-05,9.30000E+00,2.17500E+02,0.00000E+00
AvgSA,4.87500E-01,8.40806E-05,9.30000E+00,2.22500E+02,0.00000E+00
AvgSA,4.87500E-01,8.40806E-05,9.30000E+00,2.27500E+02,0.00000E+00
AvgSA,4.87500E-01,8.40806E-05,9.30000E+00,2.32500E+02,0.00000E+00
AvgSA,4.87500E-01,8.40806E-05,9.30000E+00,2.37500E+02,0.00000E+00
AvgSA,4.87500E-01,8.40806E-05,9.30000E+00,2.42500E+02,0.00000E+00
AvgSA,4.87500E-01,8.40806E-05,9.30000E+00,2.47500E+02,0.00000E+00
AvgSA,4.87500E-01,8.40806E-05,9.30000E+00,2.52500E+02,0.00000E+00
AvgSA,4.87500E-01,8.40806E-05,9.30000E+00,2.57500E+02,0.00000E+00
AvgSA,4.87500E-01,8.40806E-05,9.30000E+00,2.62500E+02,0.00000E+00
AvgSA,4.87500E-01,8.40806E-05,9.30000E+00,2.67500E+02,0.00000E+00
AvgSA,4.87500E-01,8.40806E-05,9.30000E+00,2.72500E+02,0.00000E+00
AvgSA,4.87500E-01,8.40806E-05,9.30000E+00,2.77500E+02,0.00000E+00
AvgSA,4.87500E-01,8.40806E-05,9.30000E+00,2.82500E+02,0.00000E+00
AvgSA,4.87500E-01,8.40806E-05,9.30000E+00,2.87500E+02,0.00000E+00
AvgSA,4.87500E-01,8.40806E-05,9.30000E+00,2.92500E+02,0.00000E+00
AvgSA,4.87500E-01,8.40806E-05,9.30000E+00,2.97500E+02,0.00000E+00
AvgSA,4.87500E-01,8.40806E-05,9.30000E+00,3.02500E+02,0.00000E+00
AvgSA,4.87500E-01,8.40806E-05,9.30000E+00,3.07500E+02,0.00000E+00
AvgSA,4.87500E-01,8.40806E-05,9.30000E+00,3.12500E+02,0.00000E+00
AvgSA,4.87500E-01,8.40806E-05,9.30000E+00,3.17500E+02,0.00000E+00
AvgSA,4.87500E-01,8.40806E-05,9.30000E+00,3.22500E+02,0.00000E+00
AvgSA,4.87500E-01,8.40806E-05,9.30000E+00,3.27500E+02,0.00000E+00
AvgSA,4.87500E-01,8.40806E-05,9.30000E+00,3.32500E+02,0.00000E+00
AvgSA,4.87500E-01,8.40806E-05,9.30000E+00,3.37500E+02,0.00000E+00
AvgSA,4.87500E-01,8.40806E-05,9.30000E+00,3.42500E+02,0.00000E+00
AvgSA,4.87500E-01,8.40806E-05,9.30000E+00,3.47500E+02,0.00000E+00
AvgSA,4.87500E-01,8.40806E-05,9.30000E+00,3.52500E+02,0.00000E+00
AvgSA,4.87500E-01,8.40806E-05,9.30000E+00,3.57500E+02,0.00000E+00
AvgSA,4.87500E-01,8.40806E-05,9.30000E+00,3.62500E+02,0.00000E+00
AvgSA,4.87500E-01,8.40806E-05,9.30000E+00,3.67500E+02,0.00000E+00
AvgSA,4.87500E-01,8.40806E-05,9.30000E+00,3.72500E+02,0.00000E+00
AvgSA,4.87500E-01,8.40806E-05,9.30000E+00,3.77500E+02,0.00000E+00
AvgSA,4.87500E-01,8.40806E-05,9.30000E+00,3.82500E+02,0.00000E+00
AvgSA,4.87500E-01,8.40806E-05,9.30000E+00,3.87500E+02,0.00000E+00
AvgSA,4.87500E-01,8.40806E-05,9.30000E+00,3.92500E+02,0.00000E+00
AvgSA,4.87500E-01,8.40806E-05,9.30000E+00,3.97500E+02,0.00000E+00
AvgSA,4.87500E-01,8.40806E-05,9.30000E+00,4.02500E+02,0.00000E+00
AvgSA,4.87500E-01,8.40806E-05,9.30000E+00,4.07500E+02,0.00000E+00
AvgSA,4.87500E-01,8.40806E-05,9.30000E+00,4.12500E+02,0.00000E+00
AvgSA,4.87500E-01,8.40806E-05,9.30000E+00,4.17500E+02,0.00000E+00
AvgSA,4.87500E-01,8.40806E-05,9.30000E+00,4.22500E+02,0.00000E+00
AvgSA,4.87500E-01,8.40806E-05,9.30000E+00,4.27500E+02,0.00000E+00
AvgSA,4.87500E-01,8.40806E-05,9.30000E+00,4.32500E+02,0.00000E+00
AvgSA,4.87500E-01,8.40806E-05,9.30000E+00,4.37500E+02,0.00000E+00
AvgSA,4.87500E-01,8.40806E-05,9.30000E+00,4.42500E+02,0.00000E+00
AvgSA,4.87500E-01,8.40806E-05,9.30000E+00,4.47500E+02,0.00000E+00
AvgSA,4.87500E-01,8.40806E-05,9.30000E+00,4.52500E+02,0.00000E+00
AvgSA,4.87500E-01,8.40806E-05,9.30000E+00,4.57500E+02,0.00000E+00
AvgSA,4.87500E-01,8.40806E-05,9.30000E+00,4.62500E+02,0.00000E+00
AvgSA,4.87500E-01,8.40806E-05,9.30000E+00,4.67500E+02,0.00000E+00
AvgSA,4.87500E-01,8.40806E-05,9.30000E+00,4.72500E+02,0.00000E+00
AvgSA,4.87500E-01,8.40806E-05,9.30000E+00,4.77500E+02,0.00000E+00
AvgSA,4.87500E-01,8.40806E-05,9.30000E+00,4.82500E+02,0.00000E+00
AvgSA,4.87500E-01,8.40806E-05,9.30000E+00,4.87500E+02,0.00000E+00
AvgSA,4.87500E-01,8.40806E-05,9.30000E+00,4.92500E+02,0.00000E+00
AvgSA,4.87500E-01,8.40806E-05,9.30000E+00,4.97500E+02,0.00000E+00
AvgSA,4.87500E-01,8.40806E-05,9.30000E+00,5.02500E+02,0.00000E+00
AvgSA,4.87500E-01,8.40806E-05,9.30000E+00,5.07500E+02,0.00000E+00
AvgSA,4.87500E-01,8.40806E-05,9.30000E+00,5.12500E+02,0.00000E+00
AvgSA,4.87500E-01,8.40806E-05,9.30000E+00,5.17500E+02,0.00000E+00
AvgSA,4.87500E-01,8.40806E-05,9.30000E+00,5.22500E+02,0.00000E+00
AvgSA,4.87500E-01,8.40806E-05,9.30000E+00,5.27500E+02,0.00000E+00
AvgSA,4.87500E-01,8.40806E-05,9.30000E+00,5.32500E+02,0.00000E+00
AvgSA,4.87500E-01,8.40806E-05,9.30000E+00,5.37500E+02,0.00000E+00
AvgSA,4.87500E-01,8.40806E-05,9.30000E+00,5.42500E+02,0.00000E+00
AvgSA,4.87500E-01,8.40806E-05,9.30000E+00,5.47500E+02,0.00000E+00
AvgSA,4.87500E-01,8.40806E-05,9.30000E+00,5.52500E+02,0.00000E+00
AvgSA,4.87500E-01,8.40806E-05,9.30000E+00,5.57500E+02,0.00000E+00
AvgSA,4.87500E-01,8.40806E-05,9.30000E+00,5.62500E+02,0.00000E+00
AvgSA,4.87500E-01,8.40806E-05,9.30000E+00,5.67500E+02,0.00000E+00
AvgSA,4.87500E-01,8.40806E-05,9.30000E+00,5.72500E+02,0.00000E+00
AvgSA,4.87500E-01,8.40806E-05,9.30000E+00,5.77500E+02,0.00000E+00
AvgSA,4.87500E-01,8.40806E-05,9.30000E+00,5.82500E+02,0.00000E+00
AvgSA,4.87500E-01,8.40806E-05,9.30000E+00,5.87500E+02,0.00000E+00
AvgSA,4.87500E-01,8.40806E-05,9.30000E+00,5.92500E+02,0.00000E+00
AvgSA,4.87500E-01,8.40806E-05,9.30000E+00,5.97500E+02,0.00000E+00
AvgSA,4.87500E-01,8.40806E-05,9.30000E+00,6.02500E+02,0.00000E+00
AvgSA,4.87500E-01,8.40806E-05,9.30000E+00,6.07500E+02,0.00000E+00
AvgSA,4.87500E-01,8.40806E-05,9.30000E+00,6.12500E+02,0.00000E+00
AvgSA,4.87500E-01,8.40806E-05,9.30000E+00,6.17500E+02,0.00000E+00
AvgSA,4.87500E-01,8.40806E-05,9.30000E+00,6.22500E+02,0.00000E+00
AvgSA,4.87500E-01,8.40806E-05,9.30000E+00,6.27500E+02,0.00000E+00
AvgSA,4.87500E-01,8.40806E-05,9.30000E+00,6.32500E+02,0.00000E+00
AvgSA,4.87500E-01,8.40806E-05,9.30000E+00,6.37500E+02,0.00000E+00
AvgSA,4.87500E-01,8.40806E-05,9.30000E+00,6.42500E+02,0.00000E+00
AvgSA,4.87500E-01,8.40806E-05,9.30000E+00,6.47500E+02,0.00000E+00
AvgSA,4.87500E-01,8.40806E-05,9.30000E+00,6.52500E+02,0.00000E+00
AvgSA,4.87500E-01,8.40806E-05,9.30000E+00,6.57500E+02,0.00000E+00
AvgSA,4.87500E-01,8.40806E-05,9.30000E+00,6.62500E+02,0.00000E+00
AvgSA,4.87500E-01,8.40806E-05,9.30000E+00,6.67500E+02,0.00000E+00
AvgSA,4.87500E-01,8.40806E-05,9.30000E+00,6.72500E+02,0.00000E+00
AvgSA,4.87500E-01,8.40806E-05,9.30000E+00,6.77500E+02,0.00000E+00
AvgSA,4.87500E-01,8.40806E-05,9.30000E+00,6.82500E+02,0.00000E+00
AvgSA,4.87500E-01,8.40806E-05,9.30000E+00,6.87500E+02,0.00000E+00
AvgSA,4.87500E-01,8.40806E-05,9.30000E+00,6.92500E+02,0.00000E+00
AvgSA,4.87500E-01,8.40806E-05,9.30000E+00,6.97500E+02,0.00000E+00
AvgSA,4.87500E-01,8.40806E-05,9.30000E+00,7.02500E+02,0.00000E+00
AvgSA,4.87500E-01,8.40806E-05,9.30000E+00,7.07500E+02,0.00000E+00
AvgSA,4.87500E-01,8.40806E-05,9.30000E+00,7.12500E+02,0.00000E+00
AvgSA,4.87500E-01,8.40806E-05,9.30000E+00,7.17500E+02,0.00000E+00
AvgSA,4.87500E-01,8.40806E-05,9.30000E+00,7.22500E+02,0.00000E+00
AvgSA,4.87500E-01,8.40806E-05,9.30000E+00,7.27500E+02,0.00000E+00
AvgSA,4.87500E-01,8.40806E-05,9.30000E+00,7.32500E+02,0.00000E+00
AvgSA,4.87500E-01,8.40806E-05,9.30000E+00,7.37500E+02,0.00000E+00
AvgSA,4.87500E-01,8.40806E-05,9.30000E+00,7.42500E+02,0.00000E+00
AvgSA,4.87500E-01,8.40806E-05,9.30000E+00,7.47500E+02,0.00000E+00
AvgSA,4.87500E-01,8.40806E-05,9.30000E+00,7.52500E+02,0.00000E+00
AvgSA,4.87500E-01,8.40806E-05,9.30000E+00,7.57500E+02,0.00000E+00
AvgSA,4.87500E-01,8.40806E-05,9.30000E+00,7.62500E+02,0.00000E+00
AvgSA,4.87500E-01,8.40806E-05,9.30000E+00,7.67500E+02,0.00000E+00
AvgSA,4.87500E-01,8.40806E-05,9.30000E+00,7.72500E+02,0.00000E+00
AvgSA,4.87500E-01,8.40806E-05,9.30000E+00,7.77500E+02,0.00000E+00
AvgSA,4.87500E-01,8.40806E-05,9.30000E+00,7.82500E+02,0.00000E+00
AvgSA,4.87500E-01,8.40806E-05,9.30000E+00,7.87500E+02,0.00000E+00
AvgSA,4.87500E-01,8.40806E-05,9.30000E+00,7.92500E+02,0.00000E+00
AvgSA,4.87500E-01,8.40806E-05,9.30000E+00,7.97500E+02,0.00000E+00
AvgSA,4.87500E-01,8.40806E-05,9.30000E+00,8.02500E+02,0.00000E+00
AvgSA,4.87500E-01,8.40806E-05,9.30000E+00,8.07500E+02,0.00000E+00
AvgSA,4.87500E-01,8.40806E-05,9.30000E+00,8.12500E+02,0.00000E+00
AvgSA,4.87500E-01,8.40806E-05,9.30000E+00,8.17500E+02,0.00000E+00
AvgSA,4.87500E-01,8.40806E-05,9.30000E+00,8.22500E+02,0.00000E+00
AvgSA,4.87500E-01,8.40806E-05,9.30000E+00,8.27500E+02,0.00000E+00
AvgSA,4.87500E-01,8.40806E-05,9.30000E+00,8.32500E+02,0.00000E+00
AvgSA,4.87500E-01,8.40806E-05,9.30000E+00,8.37500E+02,0.00000E+00
AvgSA,4.87500E-01,8.40806E-05,9.30000E+00,8.42500E+02,0.00000E+00
AvgSA,4.87500E-01,8.40806E-05,9.30000E+00,8.47500E+02,0.00000E+00
AvgSA,4.87500E-01,8.40806E-05,9.30000E+00,8.52500E+02,0.00000E+00
AvgSA,4.87500E-01,8.40806E-05,9.30000E+00,8.57500E+02,0.00000E+00
AvgSA,4.87500E-01,8.40806E-05,9.30000E+00,8.62500E+02,0.00000E+00
AvgSA,4.87500E-01,8.40806E-05,9.30000E+00,8.67500E+02,0.00000E+00
AvgSA,4.87500E-01,8.40806E-05,9.30000E+00,8.72500E+02,0.00000E+00
AvgSA,4.87500E-01,8.40806E-05,9.30000E+00,8.77500E+02,0.00000E+00
AvgSA,4.87500E-01,8.40806E-05,9.30000E+00,8.82500E+02,0.00000E+00
AvgSA,4.87500E-01,8.40806E-05,9.30000E+00,8.87500E+02,0.00000E+00
AvgSA,4.87500E-01,8.40806E-05,9.30000E+00,8.92500E+02,0.00000E+00
AvgSA,4.87500E-01,8.40806E-05,9.30000E+00,8.97500E+02,0.00000E+00
AvgSA,4.87500E-01,8.40806E-05,9.30000E+00,9.02500E+02,0.00000E+00
AvgSA,4.87500E-01,8.40806E-05,9.30000E+00,9.07500E+02,0.00000E+00
AvgSA,4.87500E-01,8.40806E-05,9.30000E+00,9.12500E+02,0.00000E+00
AvgSA,4.87500E-01,8.40806E-05,9.30000E+00,9.17500E+02,0.00000E+00
AvgSA,4.87500E-01,8.40806E-05,9.30000E+00,9.22500E+02,0.00000E+00
AvgSA,4.87500E-01,8.40806E-05,9.30000E+00,9.27500E+02,0.00000E+00
AvgSA,4.87500E-01,8.40806E-05,9.30000E+00,9.32500E+02,0.00000E+00
AvgSA,4.87500E-01,8.40806E-05,9.30000E+00,9.37500E+02,0.00000E+00
AvgSA,4.87500E-01,8.40806E-05,9.30000E+00,9.42500E+02,0.00000E+00
AvgSA,4.87500E-01,8.40806E-05,9.30000E+00,9.47500E+02,0.00000E+00
AvgSA,4.87500E-01,8.40806E-05,9.30000E+00,9.52500E+02,0.00000E+00
AvgSA,4.87500E-01,8.40806E-05,9.30000E+00,9.57500E+02,0.00000E+00
AvgSA,4.87500E-01,8.40806E-05,9.30000E+00,9.62500E+02,0.00000E+00
AvgSA,4.87500E-01,8.40806E-05,9.30000E+00,9.67500E+02,0.00000E+00
AvgSA,4.87500E-01,8.40806E-05,9.30000E+00,9.72500E+02,0.00000E+00
AvgSA,4.87500E-01,8.40806E-05,9.30000E+00,9.77500E+02,0.00000E+00
AvgSA,4.87500E-01,8.40806E-05,9.30000E+00,9.82500E+02,0.00000E+00
AvgSA,4.87500E-01,8.40806E-05,9.30000E+00,9.87500E+02,0.00000E+00
AvgSA,4.87500E-01,8.40806E-05,9.30000E+00,9.92500E+02,0.00000E+00
AvgSA,4.87500E-01,8.40806E-05,9.30000E+00,9.97500E+02,0.00000E+00
